"","ID","Experiment","Site","Citation","Species","Depth..cm.","Depth","date","Experiment_type","Disturbance","N","Myc","Cesar_note","nyears","amb","elev","amb.se","elev.se","amb.n","elev.n","biomass","Biome","Ecosystem.type","MAT","MAP","MAPraw","Latitude","Lat","Longitude","Lon","Biomass.data.type","total.plant.biomass.amb","total.plant.biomass.elev","se_total.plant.biomass.amb","se_total.plant.biomass.elev","aboveground.biomass.amb","aboveground.biomass.elev","se_aboveground.biomass.amb","se_aboveground.biomass.elev","Description.of.data.source","SE.SD","ambCO2","elevCO2","Assumptions","Notes","id","amb.sd","elev.sd","weightsTime","imputedSD","yi","vi","abs","abs.var"
"1","Maricopa_wet_wheat-AM_Nhigh","ArizonaFACE - wheat - high N","Maricopa","Leavitt et al. 2001",NA,15,"0-15 cm","May-97","FACE","disturbed","Nhigh","AM",NA,1.5,1258,1400,38,176,4,4,0.05126777975,"Cropland","Agricultural",21.8,750,"750",33.0628,"N",111.98,"W","750",NA,NA,NA,NA,NA,NA,NA,NA,"fig. 3","sd",NA,NA,"assumed constant BD= 1.48 g/cm3 (Post et al. 1988)",NA,"ArizonaFACE - wheat - high N_Nhigh_AM",38,176,2.75,"no",0.106949078342964,0.0041791312460188,142,8105
"2",NA,"Biosphere 2","Biosphere 2","Trueman and Gonzalez-Meler 2005",NA,25,"0-25 cm","average 2003","Chamber","disturbed","Nhigh","AM",NA,4,5335,4220,NA,NA,1,1,NA,NA,NA,NA,NA,NA,32.62,"N",110.78,"W",NA,NA,NA,NA,NA,NA,NA,NA,NA,"fig. 3",NA,NA,NA,"assumed constant bulk density: 0.91 g/cm3 for ambient, 0.97 for 800 ppm (table 2)",NA,"Biosphere 2_Nhigh_AM",547.855791288011,510.226436047307,2.5,"yes",-0.234453756705796,0.0251638541656071,-1115,560476.98408935
"3",NA,"China FACE rice - high N - weakly","China FACE","Hu et al. 2019","WuYunJing (japonica rice)",15,NA,"2012","FACE","intact","Nhigh","AM",NA,3,2707.6,2756.3,54.52,25.78,3,3,0.08103100889,"Cropland","Agricultural",12,204.8,"204.8",32.58,"N",119.7,"E","shoot + root",64.57,70.02,2.008,4.85,NA,NA,NA,NA,"Fig. 1F (SOC), Fig. 2A,E (Biomass)","SE",390,590,NA,"SOC stock: converted from kg/m2 to g/m2; total plant biomass: root + shoot g/hill","China FACE rice - high N - weakly_Nhigh_AM",94.4314100286552,44.6522698191257,3,"no",0.0178265669857343,0.00049293584364915,48.7000000000003,3637.0388
"4",NA,"China FACE rice - high N - strongly","China FACE","Hu et al. 2019","Yangdao 6 Hao (indica rice)",15,NA,"2012","FACE","intact","Nhigh","AM",NA,3,2764.65,2877.72,48.64,50.78,3,3,0.1402189973,"Cropland","Agricultural",12,204.8,"204.8",32.58,"N",119.7,"E","shoot + root",72.28,83.16,2.68,7.97,NA,NA,NA,NA,"Fig. 1F (SOC), Fig. 2A,E (Biomass)","SE",390,590,NA,"SOC stock: converted from kg/m2 to g/m2; total plant biomass: root + shoot g/hill","China FACE rice - high N - strongly_Nhigh_AM",84.2469512801502,87.9535400083476,3,"no",0.0400842692640409,0.000620911185045446,113.07,4944.458
"5","ChinaFACE_LN_weath-AM_Nhigh","China FACE weath - low N","China FACE","Zhong et al. 2009",NA,15,"0-15 cm","Jun. 2008","FACE","intact","Nhigh","AM",NA,4,1937,2123,53.94,104.4,3,3,0.07629751563,"Cropland","Agricultural",12,204.8,"204.8",32.58,"N",119.7,"E",NA,NA,NA,NA,NA,NA,NA,NA,NA,"table 1","sd",NA,NA,"bulk density: 1.16 g/cm3 f(text)",NA,"China FACE weath - low N_Nhigh_AM",53.94,104.4,3.5,"no",0.0916897982962603,0.00106457158167593,186,4602.9612
"6","ChinaFACE_HN_weath-AM_Nhigh","China FACE weath - high N","China FACE","Zhong et al. 2009",NA,15,"0-15 cm","Jun. 2008","FACE","intact","Nhigh","AM",NA,4,1937,2105,154.86,177.48,3,3,0.1825416999,"Cropland","Agricultural",12,204.8,"204.8",32.58,"N",119.7,"E",NA,NA,NA,NA,NA,NA,NA,NA,NA,"table 1","sd",NA,NA,"bulk density: 1.16 g/cm3 f(text)",NA,"China FACE weath - high N_Nhigh_AM",154.86,177.48,3.5,"no",0.0831750827094859,0.00450017178674526,168,18493.59
"7","SCBG_trop_forest-AM_Nlow","China OTC - low N","China FACE","Zhang et al. 2015 (soil), Chen et. al., 2012 (plant)","modeled subtropical forest",20,"0-20 cm","April 2005","OTC","disturbed","Nlow","AM",NA,5,2927.4,3305.16,443.64,439.92,2,3,-0.01344891867,"Tropical_Forest","Tree Stand",21.5,1750,"1750",23.33,"N",113.5,"E","aboveground",NA,NA,NA,NA,NA,NA,NA,NA,"soil: Fig. 1; plant: Fig. 3","SE",NA,700,"bulk density estimated from text (pag 144) = 0.9 g/cm3","total plant: above + belowground biomass (kg m-2)","China OTC - low N_Nlow_AM",627.4017048112,761.9637912657,3.7,"no",0.121370226561872,0.0406824971237959,377.76,390346.056
"8","SCBG_trop_forest-AM_Nhigh","China OTC - high N","China FACE","Zhang et al. 2015 (soil), Chen et. al., 2012 (plant)","modeled subtropical forest",20,"0-20 cm","April 2005","OTC","disturbed","Nhigh","AM","zhang.xls",5,3186.42,3695.7,721.56,436.02,2,3,0.18483613,"Tropical_Forest","Tree Stand",21.5,1750,"1750",23.33,"N",113.5,"E","aboveground",NA,NA,NA,NA,NA,NA,NA,NA,"soil: Fig. 1; plant: Fig. 3","SE",NA,700,"bulk density estimated from text (pag 144) = 0.9 g/cm3","total plant: above + belowground biomass (kg m-2)","China OTC - high N_Nhigh_AM",1020.43993806593,755.208793116182,3.7,"no",0.148271952112429,0.0651982832731022,509.28,710762.274
"9","DUKE_PITA-ECM_Nlow","DUKE FACE","Duke FACE","Lichter et al. 2008",NA,15,"0-15 cm","Aug. 2006","FACE","intact","Nlow","ECM",NA,9,2164,2096,152,175,3,3,0.1896534732,"Temperate_Forest","Tree Stand",4.9,1140,"1140",35.98,"N",79.1,"W",NA,NA,NA,NA,NA,NA,NA,NA,NA,"tab. 3","se",NA,NA,NA,NA,"DUKE FACE_Nlow_ECM",263.271722750469,303.108891324553,6,"no",-0.0319275945254393,0.0119046743959641,-68,53729
"10","Aspen_A-ECM_Nlow","FACTS II - Aspen","Aspen FACE","Talhelm et al. 2014",NA,20,"0-20 cm","2009","FACE","intact","Nlow","ECM","more data in Talhelm 2014, but had to aggregate values for 0-10cm and 10-20cm",11,3318.6,2894,393.72,50.54,3,3,0.2960308576,"Temperate_Forest","Tree Stand",4.9,810,"810",45.67,"N",89.63,"W",NA,NA,NA,NA,NA,NA,NA,NA,NA,"Table S2","se",NA,NA,"sum of SE = sqrt(SE1^2 + SE2^2)",NA,"FACTS II - Aspen_Nlow_ECM",681.943043956018,87.537847814531,7,"no",-0.136903379037258,0.0143805237118785,-424.6,157569.73
"11","Aspen_AB-ECM_Nlow","FACTS II - Aspen/Birch","Aspen FACE","Talhelm et al. 2014",NA,20,"0-20 cm","2009","FACE","intact","Nlow","ECM","more data in Talhelm 2014, but had to aggregate values for 0-10cm and 10-20cm",11,3035.6,2776.7,184.52,227.85,3,3,0.4213936274,"Temperate_Forest","Tree Stand",4.9,810,"810",45.67,"N",89.63,"W",NA,NA,NA,NA,NA,NA,NA,NA,NA,"Table S2","se",NA,NA,"sum of SE = sqrt(SE1^2 + SE2^2)",NA,"FACTS II - Aspen/Birch_Nlow_ECM",319.598015012609,394.647776504569,7,"no",-0.0891459263071154,0.0104283472854747,-258.9,85963.2529
"12","GiFACE_grassland-AM_Nlow","GiFACE","GiFACE","Keidel et al. 2018",NA,15,"0-15 cm","2013","FACE","intact","Nlow","AM",NA,13.5,3513,3302,586,57,3,3,0.09071741555,"Grassland","Grassland",9.4,645,"645",50.53,"N",8.68,"E",NA,NA,NA,NA,NA,NA,NA,NA,NA,"Fig. 4","se",NA,NA,"assumed bulk density: 1.0 g/cm3",NA,"GiFACE_Nlow_AM",1014.98177323536,98.726896031426,8.25,"no",-0.0619420277857537,0.0281232266696384,-211,346645
"13","Hohenheim_weath-AM_Nhigh","Hohenheim","Hohenheim","Marhan et al. 2010",NA,10,"0-10 cm","Oct. 2006","FACE","disturbed","Nhigh","AM",NA,4.5,1721,1763,25,12,5,5,0.09809397375,"Cropland","Agricultural",15.3,385,"385",48.7,"N",9.18,"E",NA,NA,NA,NA,NA,NA,NA,NA,NA,"tab. 2","se",NA,NA,NA,NA,"Hohenheim_Nhigh_AM",55.9016994374947,26.8328157299975,4.75,"no",0.0241113861863308,0.000257346931504628,42,769
"14","Jasper_OTC3_sandstone grassland-AM_Nlow","Jasper Ridge - sandstone","Jasper OTC","Hungate et al. 1997",NA,15,"0-15 cm","May-97","OTC","intact","Nlow","AM",NA,5.41,2612,2750,NA,NA,10,10,0.07192345589,"Grassland","Grassland",19.3,677,"677",37.4,"N",122.21,"W",NA,NA,NA,NA,NA,NA,NA,NA,NA,"fig. 1, pers. comm.",NA,NA,NA,NA,NA,"Jasper Ridge - sandstone_Nlow_AM",268.228552360691,332.493530599548,7.705,"yes",0.0514847002642953,0.00251638541656071,138,18249.8504192065
"15","Jasper_OTC3_serpentine grassland-AM_Nlow","Jasper Ridge - serpentine","Jasper OTC","Hungate et al. 1997",NA,15,"0-15 cm",NA,"OTC","intact","Nlow","AM",NA,3,1877,1989,107,132,10,10,0.06876268,"Grassland","Grassland",19.3,677,"677",37.4,"N",122.21,"W",NA,NA,NA,NA,NA,NA,NA,NA,NA,"fig. 1, pers. comm.","se",NA,NA,NA,NA,"Jasper Ridge - serpentine_Nlow_AM",338.363709638017,417.420651142226,6.5,"no",0.0579572422674633,0.00765398234769839,112,28873
"16","Jasper_FACE_Cali_grassland-AM_Nlow","JRGCE - Control","Jasper FACE","JasperCsoil.R pers.comm, more years available",NA,15,"0-15 cm","2012","FACE","intact","Nlow","AM",NA,14,1893.75,2144.713,56.82143,84.21927,6,6,-0.02477074171,"Grassland","Grassland",19.3,677,"677",37.4,"N",122.24,"W",NA,NA,NA,NA,NA,NA,NA,NA,NA,"pers. comm.",NA,NA,NA,NA,NA,"JRGCE - Control_Nlow_AM",194.470835004999,259.310253633727,10,"yes",0.124446753618682,0.00419397569426786,250.963,17510.1188845216
"17","Jasper_FACE_Cali_grassland-AM_Nhigh","JRGCE - N","Jasper FACE","JasperCsoil.R pers.comm; more years available",NA,15,"0-15 cm","2012","FACE","intact","Nhigh","AM",NA,14,2175.075,2251.713,79.74795,125.69286,6,6,0.04563714059,"Grassland","Grassland",19.3,677,"677",37.4,"N",122.24,"W",NA,NA,NA,NA,NA,NA,NA,NA,NA,"pers. comm.",NA,NA,NA,NA,NA,"JRGCE - N_Nhigh_AM",223.360343999207,272.24727464251,10,"yes",0.0346281131777015,0.00419397569426786,76.6380000000004,20668.0703036197
"18","Merrit_Island_Oak-ECM_Nlow","Merritt Island","Merritt Island","McKinley et al. unpublished",NA,10,"0-10 cm","May-07","OTC","intact","Nlow","ECM",NA,11,1512,1411,362,333,8,8,0.5129051254,"Temperate_Forest","Tree Stand",22.3,1310,"1310",28.572123,"N",80.92,"W",NA,NA,NA,NA,NA,NA,NA,NA,NA,"pers. comm.","sd",NA,NA,NA,NA,"Merritt Island_Nlow_ECM",362,333,9.5,"no",-0.0691346048866642,0.014127288965388,-101,30241.625
"19","NZ_pasture-AM_Nlow","NewZealandFACE","NewZealandFACE","Deng et al. 2016",NA,5,"0-5 cm",NA,"FACE","intact","Nlow","AM",NA,13,2216.5,2519.5,78.5,90,4,4,0.04918424,"Grassland","Grassland",12.9,875,"875",40.23,"S",175.27,"E","ANPP",NA,NA,NA,NA,"26.8","35.112",3.319,3.516,"soil: Fig. 3, plant: Fig. 1","SE",366,475,"assumed bulk density: 1.0 g/cm3","soil: TC %, aboveground biomass: g m-2","NewZealandFACE_Nlow_AM",157,180,8.5,"no",0.128131093935545,0.00253032349876057,303,14262.25
"20",NA,"New Zealand Greenhouse","New Zealand Greenhouse","Ross et al. 1995",NA,5,"0-5 cm","-","Chamber","disturbed","Nlow","AM",NA,0.75,1969.4,2000,NA,NA,1,1,0.07076907089,"Grassland","Grassland",12.9,875,"875",40.23,"S",175.27,"E","yield",NA,NA,NA,NA,NA,NA,NA,NA,"fig. 2/Table 1",NA,NA,NA,"assumed bulk density: 1.0 g/cm3",NA,"New Zealand Greenhouse_Nlow_AM",202.239399318202,241.813476799672,0.875,"yes",0.0154182527283806,0.0251638541656071,30.5999999999999,99374.5321985326
"21",NA,"New Zealand OTC - P. radiata","New Zealand OTC","Ross et al. 2006",NA,10,"0-10 cm","Mar. 2000","OTC","intact","Nhigh","ECM",NA,6,412,530,103.9,155.84,2,2,0.002063984221,"Temperate_Forest","Tree Stand",11.8,890,"890",43.53,"S",172.7,"E","foliage",NA,NA,NA,NA,"484","485",1,3,"fig. 2","se",NA,NA,"assumed bulk density: 1.0 g/cm3",NA,"New Zealand OTC - P. radiata_Nhigh_ECM",146.936789130565,220.391041560223,4,"no",0.251853657196641,0.150055195004738,118,35081.3156
"22",NA,"New Zealand OTC - N. fusca","New Zealand OTC","Ross et al. 2006",NA,10,"0-10 cm","Mar. 2000","OTC","intact","Nhigh","ECM",NA,6,2403,3402,194.81,1103.9,3,3,0.002072539602,"Temperate_Forest","Tree Stand",11.8,890,"890",43.53,"S",172.7,"E","foliage",NA,NA,NA,NA,"482","483",1,2,"fig. 2","se",NA,NA,"assumed bulk density: 1.0 g/cm3",NA,"New Zealand OTC - N. fusca_Nhigh_ECM",337.420817822493,1912.01088647528,4.5,"no",0.347645537219338,0.111863165727554,999,1256546.1461
"23","ORNL_SG-AM_Nlow","ORNL FACE","ORNL FACE","Iversen et al. 2012",NA,15,"0-15 cm","Jun-09","FACE","intact","Nlow","AM",NA,11,3370,3850,100,215,3,2,0.01460053853,"Temperate_Forest","Tree Stand",13.9,1371,"1371",35.9,"N",84.33,"W","aboveground",NA,NA,NA,NA,NA,NA,NA,NA,"tab. 1","se",NA,NA,"Table 1",NA,"ORNL FACE_Nlow_AM",173.205080756888,304.055915910215,6.7,"no",0.133160403935423,0.00399909171537221,480,56225
"24","Placerville_P.ponderosa-ECM_Nlow","Placerville - low N","Placerville","Johnson et al. 2006",NA,30,"0-30 cm","sept. 1996","OTC","intact","Nlow","ECM","I have  re-extracted values from Fig 4 because previous data seemed not to fit the figure for some reason",5.5,8021,7639,180,534,3,3,0.3074846997,"Temperate_Forest","Tree Stand",14.1,1000,"1000",38.73,"N",120.8,"W",NA,NA,NA,NA,NA,NA,NA,NA,NA,"fig. 4","se",NA,NA,NA,NA,"Placerville - low N_Nlow_ECM",311.769145362398,924.91513124178,4.25,"no",-0.0487963978255648,0.00539023303378005,-382,317556
"25","PlacervilleMF_P.ponderosa-ECM_Nhigh","Placerville - medium N","Placerville","Johnson et al. 2006",NA,30,"0-30 cm","sept. 1996","OTC","intact","Nhigh","ECM","I have  re-extracted values from Fig 4 because previous data seemed not to fit the figure for some reason",5.5,8015,8538,352,178,3,3,0.32930375,"Temperate_Forest","Tree Stand",14.1,1000,"1000",38.73,"N",120.8,"W",NA,NA,NA,NA,NA,NA,NA,NA,NA,"fig. 4","se",NA,NA,NA,NA,"Placerville - medium N_Nhigh_ECM",609.681884264245,308.30504374726,4.25,"no",0.0632120022742539,0.00236339837790142,523,155588
"26","PlacervilleF_P.ponderosa-ECM_Nhigh","Placerville - high N","Placerville","Johnson et al. 2006",NA,30,"0-30 cm","sept. 1996","OTC","intact","Nhigh","ECM","I have  re-extracted values from Fig 4 because previous data seemed not to fit the figure for some reason",5.5,7479,8246,47,304,3,3,0.1906203596,"Temperate_Forest","Tree Stand",14.1,1000,"1000",38.73,"N",120.8,"W",NA,NA,NA,NA,NA,NA,NA,NA,NA,"fig. 4","se",NA,NA,NA,NA,"Placerville - high N_Nhigh_ECM",81.4063879557372,526.543445500939,4.25,"no",0.0976291410751777,0.00139862041532604,767,94625
"27","PopFACE_alba-mixed_Nhigh","POPFACE - alba","PopFACE","Hoosbeek et al. 2009",NA,10,"0-10 cm","Oct. 2001","FACE","intact","Nlow","ECM","soil C was higher pre-treatment in ambient, so I have accounted for these differences in EuroPOPFACE_soilC.xlsx",2,1524,1487,119,366,3,3,0.226,"Temperate_Forest","Tree Stand",14.1,963.400024,"watered",42.37,"N",11.8,"E",NA,NA,NA,NA,NA,NA,NA,NA,NA,"fig. 5, pers. comm.","sd",NA,NA,NA,NA,"POPFACE - alba_Nlow_ECM",119,366,2.5,"no",-0.0245777897864365,0.022226212971697,-37,49372.3333333333
"28","PopFACEII_alba-mixed_Nhigh","EUROFACE - alba","PopFACE","Hoosbeek 2015","P. alba L",10,"0-10 cm",NA,"FACE","intact","Nhigh","ECM","pers. comm Hoosbeek EuroFACE soil C N P data.xls. soil C was higher pre-treatment in ambient, so I have accounted for these differences in EuroPOPFACE_soilC.xlsx",6,1677.217,1762.1,61.42702,73.15231,3,3,0.186,"Temperate_Forest","Tree Stand",14.1,963.400024,"watered",42.37,"N",11.8,"E",NA,NA,NA,NA,NA,NA,NA,NA,NA,"Table 1","SE",NA,550,NA,"g m-2","EUROFACE - alba_Nhigh_ECM",106.39471959755,126.703517611029,4.5,"no",0.0493704073885917,0.00306477996608655,84.8829999999998,9124.5392444165
"29","PopFACE_eur-mixed_Nhigh","POPFACE - euramericana","PopFACE","Hoosbeek et al. 2009",NA,10,"0-10 cm","Oct. 2001","FACE","intact","Nlow","ECM","soil C was higher pre-treatment in ambient, so I have accounted for these differences in EuroPOPFACE_soilC.xlsx",2,1405,1171,201,272,3,3,0.29137376,"Temperate_Forest","Tree Stand",14.1,963.400024,"watered",42.37,"N",11.8,"E",NA,NA,NA,NA,NA,NA,NA,NA,NA,"fig. 5, pers. comm.","sd",NA,NA,NA,NA,"POPFACE - euramericana_Nlow_ECM",201,272,2.5,"no",-0.182179218170129,0.0248067840525462,-234,38128.3333333333
"30","PopFACEII_eur-mixed_Nhigh","POPFACE - euramericana","PopFACE","Hoosbeek 2015","P. euramericana",10,"0-10 cm",NA,"FACE","intact","Nhigh","ECM","pers. comm Hoosbeek EuroFACE soil C N P data.xls. soil C was higher pre-treatment in ambient, so I have accounted for these differences in EuroPOPFACE_soilC.xlsx",6,1622.1,1617.21,64.01,122.52,3,3,0.147,"Temperate_Forest","Tree Stand",14.1,963.400024,"watered",42.37,"N",11.8,"E",NA,NA,NA,NA,NA,NA,NA,NA,NA,"Table 1","SE",NA,550,NA,"g m-2","POPFACE - euramericana_Nhigh_ECM",110.868572192484,212.210864943339,4.5,"no",-0.00301916378148706,0.00729677926145212,-4.88999999999987,19108.4305
"31","PopFACE_nigra-mixed_Nhigh","POPFACE - nigra","PopFACE","Hoosbeek et al. 2009",NA,10,"0-10 cm","Oct. 2001","FACE","intact","Nlow","ECM","soil C was higher pre-treatment in ambient, so I have accounted for these differences in EuroPOPFACE_soilC.xlsx",2,1534,1342,240,205,3,3,0.166,"Temperate_Forest","Tree Stand",14.1,963.400024,"watered",42.37,"N",11.8,"E",NA,NA,NA,NA,NA,NA,NA,NA,NA,"fig. 5, pers. comm.","sd",NA,NA,NA,NA,"POPFACE - nigra_Nlow_ECM",240,205,2.5,"no",-0.133717664395574,0.0159374967868512,-192,33208.3333333333
"32","PopFACEII_nigra-mixed_Nhigh","POPFACE - nigra","PopFACE","Hoosbeek 2015","P. nigra",10,"0-10 cm",NA,"FACE","intact","Nhigh","ECM","pers. comm Hoosbeek EuroFACE soil C N P data.xls. soil C was higher pre-treatment in ambient, so I have accounted for these differences in EuroPOPFACE_soilC.xlsx",6,1554.75,1715.6,43.07489,116.05,3,3,0.243,"Temperate_Forest","Tree Stand",14.1,963.400024,"watered",42.37,"N",11.8,"E",NA,NA,NA,NA,NA,NA,NA,NA,NA,"Table 1","SE",NA,550,NA,"g m-2","POPFACE - nigra_Nhigh_ECM",74.6078980104406,201.004496218368,4.5,"no",0.0984481126587266,0.00534329339183286,160.85,15323.0486485121
"33","Not in AGB database, but I found data in papers","Shortgrass Grassland","Shortgrass Grassland","Pendall et al. 2004",NA,10,"0-10 cm","2001","OTC","intact","Nlow","AM","biomass: root + crown Fig. 1 Pendall et al. 2004.xls",5,1177,1182,156,79,3,3,0.14,"Grassland","Grassland",10.6,249,"249",40.66,"N",104.75,"W",NA,NA,NA,NA,NA,NA,NA,NA,NA,"appendix. Biomass: Fig. 1","se",NA,NA,NA,NA,"Shortgrass Grassland_Nlow_AM",270.199925980745,136.832013797941,4,"no",0.00423909070576672,0.0220339798975068,5,30577
"34","Not in AGB database, but I found data in papers","SoyFACE","SoyFACE","Moran and Jastrow 2010",NA,12.5,"0-12.5 cm","spring 2007","FACE","disturbed","Nlow","Nfixer","biomass data taken from the GCME database, Morgan et al. 2005. N applied to corn, but no to soy",6,4437,3836,NA,NA,3,3,0.1465935802,"Cropland","Agricultural",13.2,823,"823",40.04,"N",88.23,"W",NA,NA,NA,NA,NA,"2002:1185.5, 2003:783.9","2002:1346.8, 2003:925.1",NA,NA,"pers. comm.",NA,NA,NA,"assumed bulk density: 1.24 g/cm3. 1  ring removed from dataset (based authors' advice)",NA,"SoyFACE_Nlow_Nfixer",455.639390055278,463.79824850177,4.5,"yes",-0.145548315375581,0.00838795138853571,-601,140905.356361085
"35",NA,"FACE Stillberg - larix","FACE Stillberg","soil: Hagedorn et al. 2013, plant: Dawes et. al., 2015","Larix decidua",5,"0-5 cm","2000","FACE","intact","Nlow","ECM",NA,9,2010,1960,85,80,10,10,0.4329889453,"Alpine_Forest","Tree Stand",8.8,1150,"1150",47.46,"N",7.5,"E","total",5411,8343,NA,NA,NA,NA,NA,NA,"soil: Table 1; plant Table S2","SE",370,545,"assumed bulk density: 1.0 g/cm3","soil: %; Tree biomass: mean of needles, above-ground wood and coarse roots (g)","FACE Stillberg - larix_Nlow_ECM",268.793601114312,252.98221281347,9.5,"no",-0.0251902488285585,0.00345429458268942,-50,13625
"36",NA,"FACE Stillberg - pinus","FACE Stillberg","soil: Hagedorn et al. 2013, plant: Dawes et. al., 2015","Pinus mugo ssp. uncinata",5,"0-5 cm","2000","FACE","intact","Nlow","ECM",NA,9,1900,2020,100,85,10,10,0.1989998789,"Alpine_Forest","Tree Stand",8.8,1150,"1150",47.46,"N",7.5,"E","total",5500,6711,NA,NA,NA,NA,NA,NA,"soil: Table 1; plant Table S2","SE",370,545,"assumed bulk density: 1.0 g/cm3","soil: %; Tree biomass: mean of needles, above-ground wood and coarse roots (g)","FACE Stillberg - pinus_Nlow_ECM",316.227766016838,268.793601114312,9.5,"no",0.0612436252407186,0.00454074284173433,120,17225
"37","Swiss_Lolium-AM_Nlow","SwissFACE- grass - low N","Swiss FACE","De Graaff et al., 2007",NA,10,"0-10 cm","2003","FACE","intact","Nlow","AM",NA,10,3448.8,4653.6,44.4,159.6,3,3,-0.02452026137,"Grassland","Grassland",12.3,878,"878",47.45,"N",8.95,"E",NA,NA,NA,NA,NA,NA,NA,NA,NA,"Table 3","se",NA,NA,"bulk density:1.2 g cm3",NA,"SwissFACE- grass - low N_Nlow_AM",76.9030558560581,276.435308887993,6.5,"no",0.299614769163627,0.00134195858390792,1204.8,27443.52
"38","Swiss_Lolium-AM_Nhigh","SwissFACE- grass - high N","Swiss FACE","De Graaff et al., 2007",NA,10,"0-10 cm","2003","FACE","intact","Nhigh","AM",NA,10,3590.4,3694.8,130.8,434.4,3,3,0.1593556537,"Grassland","Grassland",12.3,878,"878",47.45,"N",8.95,"E",NA,NA,NA,NA,NA,NA,NA,NA,NA,"Table 3","se",NA,NA,"bulk density:1.2 g cm3",NA,"SwissFACE- grass - high N_Nhigh_AM",226.552245630009,752.40287080792,6.5,"no",0.0286628088301325,0.0151500353137845,104.4,205812
"39",NA,"SwissFACE- clover - low N","Swiss FACE","De Graaff et al., 2007",NA,10,"0-10 cm","2003","FACE","intact","Nlow","Nfixer","Aboveground biomass: Hartwig et al. 2002",10,3489.6,3230.4,121.2,578.4,3,3,0.5552928314,"Grassland","Grassland",12.3,878,"878",47.45,"N",8.95,"E","aboveground",NA,NA,NA,NA,NA,NA,NA,NA,"Table 3","se",NA,NA,"bulk density:1.2 g cm3",NA,"SwissFACE- clover - low N_Nlow_Nfixer",209.924557877348,1001.81818709784,6.5,"no",-0.0771811478887915,0.0332648527931627,-259.2,349236
"40",NA,"SwissFACE- clover - high N","Swiss FACE","De Graaff et al., 2007",NA,10,"0-10 cm","2003","FACE","intact","Nhigh","Nfixer","Aboveground biomass: Hartwig et al. 2002",10,3208.8,3698.4,108,344.4,3,3,0.6075227663,"Grassland","Grassland",12.3,878,"878",47.45,"N",8.95,"E","aboveground",NA,NA,NA,NA,NA,NA,NA,NA,"Table 3","se",NA,NA,"bulk density:1.2 g cm3",NA,"SwissFACE- clover - high N_Nhigh_Nfixer",187.061487217439,596.518298126721,6.5,"no",0.142003258218173,0.00980440918782144,489.6,130275.36
"41","Basel_tropical1_trop_forest-AM_Nhigh","Swiss Greenhouse","Swiss Greenhouse","K_rner and Arnone 1992",NA,20,"0-20 cm","-","Chamber","disturbed","Nhigh","AM",NA,0.25,1205,980,NA,NA,2,2,0.0631964192,"Temperate_Forest","Tree Stand",27,1333.30005,"watered",47.57,"N",8.6,"E",NA,NA,NA,NA,NA,NA,NA,NA,NA,"table 4","se",NA,NA,NA,"se value could potentially be estimated from table 4, but are not directly reported","Swiss Greenhouse_Nhigh_AM",123.742498313412,118.488603631839,1.125,"yes",-0.206682274260138,0.0125819270828036,-225,14675.8775397339
"42","Not in AGB database, but I found data in papers","Tallgrass Grassland","Tallgrass Grassland","Williams et al. 2000",NA,5,"0-5 cm","Oct. 1996","OTC","intact","Nhigh","AM","AGB data found in Owensby et al. 1999 (Shortgrass Grassland Owensby et al. 1999.xls)",8,2181,2372,NA,NA,3,3,0.12213002,"Grassland","Grassland",15,840,"840",39.12,"N",96.35,"W",NA,NA,NA,NA,NA,NA,NA,NA,NA,"table 4",NA,NA,NA,"bulk density = 0.93 g/cm3 (Williams et al. 2000)",NA,"Tallgrass Grassland_Nhigh_AM",223.968787403777,286.79078348441,5.5,"yes",0.083949993915987,0.00838795138853571,191,44136.9904075735
"43","UMBS_Pop_grandidentata-ECM/AM_Nhigh","UMBS - aspen","UMBS","Zak et al. 1993",NA,15,"0-15 cm","Oct. 1991","OTC","disturbed","Nhigh","ECM",NA,0.5,242,290,28,59,4,4,0.0408803529,"Temperate_Forest","Tree Stand",6,1031.5,"watered",45.55,"N",84.78,"W",NA,NA,NA,NA,NA,NA,NA,NA,NA,"table 2","se",NA,NA,"assumed bulk density: 1.0 g/cm3",NA,"UMBS - aspen_Nhigh_ECM",56,118,2.25,"no",0.180943196823833,0.0547782646764039,48,4265
"44","Birmensdorf acidic_Fagus sylvatica-ECM_Nlow & Birmensdorf  acidic_Picea abies-ECM_Nlow","WSL - loam, low N","Birmensdorf","Hagedorn et al. 2001",NA,10,"0-10 cm","sept. 1998","OTC","intact","Nhigh","ECM","N medium",3.75,1501,1677,52,35,4,4,-0.03969071809,"Temperate_Forest","Tree Stand",9.5,691,"691",47.35,"N",8.43,"E",NA,NA,NA,NA,NA,NA,NA,NA,NA,"fig. 4, pers. comm.","se",NA,NA,"biomass is the mean of 2 species",NA,"WSL - loam, low N_Nhigh_ECM",104,70,3.875,"no",0.110874930189747,0.00163575904729816,176,3929
"45","Birmensdorf acidic_Fagus sylvatica-ECM_Nhigh & Birmensdorf  acidic_Picea abies-ECM_Nhigh","WSL - loam, high N","Birmensdorf","Hagedorn et al. 2001",NA,10,"0-10 cm","sept. 1998","OTC","intact","Nhigh","ECM",NA,3.75,1689,1763,83,47,4,4,0.02974773393,"Temperate_Forest","Tree Stand",9.5,691,"691",47.35,"N",8.43,"E",NA,NA,NA,NA,NA,NA,NA,NA,NA,"fig. 4, pers. comm.","se",NA,NA,"biomass is the mean of 2 species",NA,"WSL - loam, high N_Nhigh_ECM",166,94,3.875,"no",0.0428802655900701,0.00312559521592268,74,9098
"46","Birmensdorf calcareous_Fagus sylvatica-ECM_Nlow & Birmensdorf calcareous_Picea abies-ECM_Nlow","WSL - sand, low N","Birmensdorf","Hagedorn et al. 2001",NA,10,"0-10 cm","sept. 1998","OTC","intact","Nhigh","ECM","N medium",3.75,1377,1433,49,37,4,4,0.2331631671,"Temperate_Forest","Tree Stand",9.5,691,"691",47.35,"N",8.43,"E",NA,NA,NA,NA,NA,NA,NA,NA,NA,"fig. 4, pers. comm.","se",NA,NA,"biomass is the mean of 2 species",NA,"WSL - sand, low N_Nhigh_ECM",98,74,3.875,"no",0.0398629290995171,0.00193293429475312,56,3770
"47","Birmensdorf calcareous_Fagus sylvatica-ECM_Nhigh & Birmensdorf calcareous_Picea abies-ECM_Nhigh","WSL - sand, high N","Birmensdorf","Hagedorn et al. 2001",NA,10,"0-10 cm","sept. 1998","OTC","intact","Nhigh","ECM",NA,3.75,1322,1396,18,96,4,4,0.2349076727,"Temperate_Forest","Tree Stand",9.5,691,"691",47.35,"N",8.43,"E",NA,NA,NA,NA,NA,NA,NA,NA,NA,"fig. 4, pers. comm.","se",NA,NA,"biomass is the mean of 2 species",NA,"WSL - sand, high N_Nhigh_ECM",36,192,3.875,"no",0.0544652629106863,0.0049144134184481,74,9540
"48","Nevada_pooled_desert_scrub-AM_Nlow","Nevada Desert FACE","Nevada Desert FACE","soil: Koyama et al. 2019; plant: Newingham et. al., 2013","surface soils, L. tridentata",20,"0-20","April 1997","FACE","intact","Nlow","AM",NA,10,745.602,1025.882,151.58,117.832,3,3,-0.0840831,"Shrubland","Shrubland",15.4,146,"146",36.77,"N",115.96,"W",NA,1777.988,1288.586,484.025,140.288,NA,NA,NA,NA,"Fig. 1","SE",375,513,"1.43",NA,"Nevada Desert FACE_Nlow_AM",262.54426141129,204.091010757456,6.5,"no",0.319116063598781,0.0545230455119316,280.28,36860.876624
"49",NA,"Bangor FACE","Bangor FACE","Hoosbeek et al. 2011",NA,10,"0-10 cm","2008","FACE","intact","Nlow","ECM",NA,5,3360.469,3286.229,50.41,40.353,4,4,NA,"Temperate_Forest","Tree Stand",NA,NA,NA,53.23,"N",4.02,"W",NA,NA,NA,NA,NA,NA,NA,NA,NA,"fig 1a","se",NA,NA,"g/m2",NA,"Bangor FACE_Nlow_ECM",100.82,80.706,4.5,"no",-0.0223398407885204,0.000375810729659124,-74.2400000000002,4169.532709
"50","Bangor_Alnus-ECM/AM_Nlow","BangorFACE - alnus","Bangor FACE","Hoosbeek 2015 (soil), Smith et al., 2013 pers comm (plant)","Soil Alnus",10,"0-10 cm","2008","FACE","intact","Nlow","ECM",NA,4,3355.8,3142.9,70.6,66.7,4,4,0.25058653,"Temperate_Forest","Tree Stand",11.5,1034,"1034",53.23,"N",4.02,"W",NA,NA,NA,NA,NA,NA,NA,NA,NA,"Soil: Table 3. Plant: Table 1","SE",330,580,NA,"g m-2","BangorFACE - alnus_Nlow_ECM",141.2,133.4,4,"no",-0.0655442514997957,0.000892997834458388,-212.9,9433.25
"51","Bangor_Betula_pendula-ECM_Nlow","BangorFACE - betula","Bangor FACE","Hoosbeek 2015 (soil), Smith et al., 2013 pers comm (plant)","Soil Betula",10,"0-10 cm","2008","FACE","intact","Nlow","ECM",NA,4,3066,3122.5,393.6,261.4,4,4,0.14632001,"Temperate_Forest","Tree Stand",11.5,1034,"1034",53.23,"N",4.02,"W",NA,NA,NA,NA,NA,NA,NA,NA,NA,"Soil: Table 3. Plant: Table 1","SE",330,580,NA,"g m-2","BangorFACE - betula_Nlow_ECM",787.2,522.8,4,"no",0.0182601825679734,0.0234885255760649,56.5,223250.92
"52","Bangor_Fagus-ECM_Nlow","BangorFACE - fagus","Bangor FACE","Hoosbeek 2015 (soil), Smith et al., 2013 pers comm (plant)","Soil Fagus",10,"0-10 cm","2008","FACE","intact","Nlow","ECM",NA,4,3687.5,3474.5,149.8,476.4,4,4,0.19956512,"Temperate_Forest","Tree Stand",11.5,1034,"1034",53.23,"N",4.02,"W",NA,NA,NA,NA,NA,NA,NA,NA,NA,"Soil: Table 3. Plant: Table 1","SE",330,580,NA,"g m-2","BangorFACE - fagus_Nlow_ECM",299.6,952.8,4,"no",-0.0594981378936932,0.0204503316844454,-213,249397
"53","TasFACE_C3_C4-AM_Nlow","Tas FACE","Tas FACE","Pendall et al. 2011",NA,10,"0-10 cm","2007","FACE","intact","Nlow","AM",NA,6,3528,4248,234,288,3,3,0.07209261602,"Grassland","Grassland",11.6,560,"560",42.7,"S",147.27,"E",NA,NA,NA,NA,NA,NA,NA,NA,NA,"text, C3 plants only","se",NA,NA,"Bulk density 1.8",NA,"Tas FACE_Nlow_AM",405.299888971117,498.830632579837,4.5,"no",0.185717145795093,0.00899558901353106,720,137700
"54","Ginninderra_pooled_Phalaris_aquatica-AM_Nhigh","Ginninderra","Ginninderra","unpublished - GlobalDB",NA,10,"0-10 cm","2002","Chamber","disturbed","Nhigh","AM","biomass: Volder et al. 2007",2,1109.6,1138.8,214.62,258.42,3,3,0.02009774388,"Grassland","Grassland",14.3,1295.09998,"watered",35.22,"S",149.13,"E",NA,NA,NA,NA,NA,NA,NA,NA,NA,NA,"sd",NA,NA,"bulk density: 1.46 g/cm3 Volder et al 2007",NA,"Ginninderra_Nhigh_AM",214.62,258.42,2.5,"no",0.0259754864032607,0.0296352621471149,29.2,37614.2136
"55","Not in AGB db","Sky Oaks","Sky Oaks","Del Galdo et al., 2006",NA,10,"0-10 cm","2003","Chamber","intact","Nlow","ECM","ECM + AM. Amb=350ppm, elev=650ppm plots only. Biomass data is ROOT biomass data from K.Treseder pers.comm (Sky Oaks root biomass.xls)",6,3397,2494,612,81,2,2,0.331794,"Shrubland","Shrubland",12.2,491,"491",32.36,"N",116.66,"W","Root biomass",NA,NA,NA,NA,NA,NA,NA,NA,"table 1","se",350,650,"g/m2",NA,"Sky Oaks_Nlow_ECM",865.498700172334,114.551298552221,4,"no",-0.309004841920602,0.0335120692805311,-903,381105
"56","Antwerp_OTC_P.sylvestris-ECM_Nlow","Antwerp OTC","Antwerp OTC","Carnol et al., 2002",NA,10,"0-15 cm","2000","OTC","disturbed","Nlow","ECM",NA,3.75,1785,1605,426.9,237.15,2,2,0.4929170007,"Temperate_Forest","Tree Stand",12,770,"770",51.17,"N",4.38,"E",NA,NA,NA,NA,NA,NA,NA,NA,NA,"Tab. 1","sd",NA,NA,"assumed bulk density: 1.0 g/cm3",NA,"Antwerp OTC_Nlow_ECM",426.9,237.15,2.875,"no",-0.106294658649623,0.0395147393155471,-180,119241.86625
"57","Lancaster_c2_Abies alba -ECM_Nlow","Lancaster - Abies alba","Lancaster","Heath et al., 2005",NA,60,"pot",NA,"Chamber","disturbed","Nlow","ECM","ambient +300ppm plots",1.25,198.6332,186.2018,9.5185175,4.6087835,3,3,-0.115997349,"Temperate_Forest","Tree Stand",13,2258,"watered",54.02,"N",2.78,"W",NA,NA,NA,NA,NA,NA,NA,NA,NA,"pers. comm","sd",NA,NA,"g/pot",NA,"Lancaster - Abies alba_Nlow_ECM",9.5185175,4.6087835,2.125,"no",-0.0646288760100862,0.000969657580096522,-12.4314,37.2810202492262
"58","Lancaster_c2f_Abies alba -ECM_Nhigh","Lancaster - Abies alba","Lancaster","Heath et al., 2005",NA,60,"pot",NA,"Chamber","disturbed","Nhigh","ECM","ambient +300ppm plots",1.25,200.4176,185.4705,5.4056803,3.5226807,3,3,-0.125055918,"Temperate_Forest","Tree Stand",13,2258,"watered",54.02,"N",2.78,"W",NA,NA,NA,NA,NA,NA,NA,NA,NA,"pers. comm","sd",NA,NA,"g/pot",NA,"Lancaster - Abies alba_Nhigh_ECM",5.4056803,3.5226807,2.125,"no",-0.077507349954336,0.000362745147195717,-14.9471,13.8768862733202
"59","Lancaster_c2_Betula pendula -ECM_Nlow","Lancaster - Betula pendula","Lancaster","Heath et al., 2005",NA,60,"pot",NA,"Chamber","disturbed","Nlow","ECM","ambient +300ppm plots",1.25,204.1403,196.6413,13.0942344,5.752343,3,3,0.1563764233,"Temperate_Forest","Tree Stand",13,2258,"watered",54.02,"N",2.78,"W",NA,NA,NA,NA,NA,NA,NA,NA,NA,"pers. comm","sd",NA,NA,"g/pot",NA,"Lancaster - Betula pendula_Nlow_ECM",13.0942344,5.752343,2.125,"no",-0.0374262456921937,0.00165670022077698,-7.499,68.1828081705974
"60","Lancaster_c2f_Betula pendula -ECM_Nhigh","Lancaster - Betula pendula","Lancaster","Heath et al., 2005",NA,60,"pot",NA,"Chamber","disturbed","Nhigh","ECM","ambient +300ppm plots",1.25,201.0327,209.3765,1.7492085,6.1540788,3,3,0.3942985115,"Temperate_Forest","Tree Stand",13,2258,"watered",54.02,"N",2.78,"W",NA,NA,NA,NA,NA,NA,NA,NA,NA,"pers. comm","sd",NA,NA,"g/pot",NA,"Lancaster - Betula pendula_Nhigh_ECM",1.7492085,6.1540788,2.125,"no",0.0406664853385572,0.000313207612560555,8.34379999999999,13.6441387510272
"61","Lancaster_c2_Carpinus betulus -ECM_Nlow","Lancaster - Carpinus betulus","Lancaster","Heath et al., 2005",NA,60,"pot",NA,"Chamber","disturbed","Nlow","ECM","ambient +300ppm plots",1.25,192.5741,186.1498,6.0535499,3.1052476,3,3,-0.05755012523,"Temperate_Forest","Tree Stand",13,2258,"watered",54.02,"N",2.78,"W",NA,NA,NA,NA,NA,NA,NA,NA,NA,"pers. comm","sd",NA,NA,"g/pot",NA,"Lancaster - Carpinus betulus_Nlow_ECM",6.0535499,3.1052476,2.125,"no",-0.0339292888084939,0.000422141431647585,-6.42429999999999,15.4293430163653
"62","Lancaster_c2f_Carpinus betulus -ECM_Nhigh","Lancaster - Carpinus betulus","Lancaster","Heath et al., 2005",NA,60,"pot",NA,"Chamber","disturbed","Nhigh","ECM","ambient +300ppm plots",1.25,197.9919,192.9125,6.8520314,5.6925575,3,3,0.2622658996,"Temperate_Forest","Tree Stand",13,2258,"watered",54.02,"N",2.78,"W",NA,NA,NA,NA,NA,NA,NA,NA,NA,"pers. comm","sd",NA,NA,"g/pot",NA,"Lancaster - Carpinus betulus_Nhigh_ECM",6.8520314,5.6925575,2.125,"no",-0.0259894025398765,0.000689479887284517,-5.07939999999999,26.4518483991307
"63","Lancaster_c2_Fagus sylvatica -ECM_Nlow","Lancaster - Fagus sylvatica","Lancaster","Heath et al., 2005",NA,60,"pot",NA,"Chamber","disturbed","Nlow","ECM","ambient +300ppm plots",1.25,196.3282,186.5584,3.0090137,4.765485,3,3,0.1871250749,"Temperate_Forest","Tree Stand",13,2258,"watered",54.02,"N",2.78,"W",NA,NA,NA,NA,NA,NA,NA,NA,NA,"pers. comm","sd",NA,NA,"g/pot",NA,"Lancaster - Fagus sylvatica_Nlow_ECM",3.0090137,4.765485,2.125,"no",-0.0510434218354578,0.000295802033640505,-9.7698,10.5880035773376
"64","Lancaster_c2f_Fagus sylvatica -ECM_Nhigh","Lancaster - Fagus sylvatica","Lancaster","Heath et al., 2005",NA,60,"pot",NA,"Chamber","disturbed","Nhigh","ECM","ambient +300ppm plots",1.25,193.4781,187.6891,6.1106014,3.1416489,3,3,0.2568661427,"Temperate_Forest","Tree Stand",13,2258,"watered",54.02,"N",2.78,"W",NA,NA,NA,NA,NA,NA,NA,NA,NA,"pers. comm","sd",NA,NA,"g/pot",NA,"Lancaster - Fagus sylvatica_Nhigh_ECM",6.1106014,3.1416489,2.125,"no",-0.0303774572543786,0.000425886745865255,-5.78900000000002,15.7364690935177
"65","Lancaster_c2_Pinus sylvestris -ECM_Nlow","Lancaster - Pinus sylvestris","Lancaster","Heath et al., 2005",NA,60,"pot",NA,"Chamber","disturbed","Nlow","ECM","ambient +300ppm plots",1.25,193.295,188.1157,0.8522622,1.5737757,3,3,0.2645723289,"Temperate_Forest","Tree Stand",13,2258,"watered",54.02,"N",2.78,"W",NA,NA,NA,NA,NA,NA,NA,NA,NA,"pers. comm","sd",NA,NA,"g/pot",NA,"Lancaster - Pinus sylvestris_Nlow_ECM",0.8522622,1.5737757,2.125,"no",-0.0271603202857961,2.98101116152439e-05,-5.17929999999998,1.06770693715311
"66","Lancaster_c2f_Pinus sylvestris -ECM_Nhigh","Lancaster - Pinus sylvestris","Lancaster","Heath et al., 2005",NA,60,"pot",NA,"Chamber","disturbed","Nhigh","ECM","ambient +300ppm plots",1.25,196.4128,189.462,5.4397738,1.9266995,3,3,0.4358105188,"Temperate_Forest","Tree Stand",13,2258,"watered",54.02,"N",2.78,"W",NA,NA,NA,NA,NA,NA,NA,NA,NA,"pers. comm","sd",NA,NA,"g/pot",NA,"Lancaster - Pinus sylvestris_Nhigh_ECM",5.4397738,1.9266995,2.125,"no",-0.0360300902031527,0.000290154093752415,-6.95080000000002,11.1011033194889
"67","Lancaster_c2_Quercus robur-ECM_Nlow","Lancaster - Quercus robur","Lancaster","Heath et al., 2005",NA,60,"pot",NA,"Chamber","disturbed","Nlow","ECM","ambient +300ppm plots",1.25,199.3387,190.0763,6.0615273,3.6828426,3,3,0.2204593065,"Temperate_Forest","Tree Stand",13,2258,"watered",54.02,"N",2.78,"W",NA,NA,NA,NA,NA,NA,NA,NA,NA,"pers. comm","sd",NA,NA,"g/pot",NA,"Lancaster - Quercus robur_Nlow_ECM",6.0615273,3.6828426,2.125,"no",-0.047579817500416,0.000433357135183483,-9.26239999999999,16.7684809416733
"68","Lancaster_c2f_Quercus robur-ECM_Nhigh","Lancaster - Quercus robur","Lancaster","Heath et al., 2005",NA,60,"pot",NA,"Chamber","disturbed","Nhigh","ECM","ambient +300ppm plots",1.25,204.8002,193.6352,9.6755602,2.4935552,3,3,0.4881364878,"Temperate_Forest","Tree Stand",13,2258,"watered",54.02,"N",2.78,"W",NA,NA,NA,NA,NA,NA,NA,NA,NA,"pers. comm","sd",NA,NA,"g/pot",NA,"Lancaster - Quercus robur_Nhigh_ECM",9.6755602,2.4935552,2.125,"no",-0.0560588932300034,0.000799272830102951,-11.165,33.278094239757
"69","BioCON_nolegumes_mixed-AM_Nlow","BioCON - Low N","BioCON","http://www.cedarcreek.umn.edu/research/data/dataset?ne141",NA,14,"0-10",NA,"FACE","intact","Nlow","AM",NA,10,1096.102,1121.19,47.88,51.87,3,3,0.06144711427,"Grassland","Grassland",5.6,679,"679",45.4,"N",93.2,"W",NA,NA,NA,NA,NA,NA,NA,NA,NA,"web","sd",NA,NA,"http://www.cedarcreek.umn.edu/research/data/dataset?bde141",NA,"BioCON - Low N_Nlow_AM",47.88,51.87,6.5,"no",0.0226303713644693,0.00134947333538715,25.088,1660.9971
"70","BioCON_nolegumes_mixed-AM_Nhigh","BioCON - High N","BioCON","http://www.cedarcreek.umn.edu/research/data/dataset?ne141",NA,14,"0-10",NA,"FACE","intact","Nhigh","AM",NA,10,1247.23,1220.32,59.85,49.21,3,3,0.1560517384,"Grassland","Grassland",5.6,679,"679",45.4,"N",93.2,"W",NA,NA,NA,NA,NA,NA,NA,NA,NA,"web","sd",NA,NA,"http://www.cedarcreek.umn.edu/research/data/dataset?bde141",NA,"BioCON - High N_Nhigh_AM",59.85,49.21,6.5,"no",-0.0218119729190412,0.00130961120753835,-26.9100000000001,2001.21553333333
"71","Not in AGB db, but just added yi","BioCON - legumes - Low N","BioCON","http://www.cedarcreek.umn.edu/research/data/dataset?ne141",NA,14,"0-10",NA,"FACE","intact","Nlow","Nfixer",NA,10,777.92,1027.5,73.44,98.64,3,3,0.11036915,"Grassland","Grassland",5.6,679,"679",45.4,"N",93.2,"W",NA,NA,NA,NA,NA,NA,NA,NA,NA,"web","sd",NA,NA,"http://www.cedarcreek.umn.edu/research/data/dataset?bde141",NA,"BioCON - legumes - Low N_Nlow_Nfixer",73.44,98.64,6.5,"no",0.278260255242631,0.00604280541835787,249.58,5041.0944
"72","Not in AGB db, but just added yi","BioCON - legumes - High N","BioCON","http://www.cedarcreek.umn.edu/research/data/dataset?ne141",NA,14,"0-10",NA,"FACE","intact","Nhigh","Nfixer",NA,10,971.28,935.88,62.48,62.04,3,3,0.37228308,"Grassland","Grassland",5.6,679,"679",45.4,"N",93.2,"W",NA,NA,NA,NA,NA,NA,NA,NA,NA,"web","sd",NA,NA,"http://www.cedarcreek.umn.edu/research/data/dataset?bde141",NA,"BioCON - legumes - High N_Nhigh_Nfixer",62.48,62.04,6.5,"no",-0.0371275261053128,0.00284415413466051,-35.4,2584.23733333333
"73","Not in AGB db","Gainesville - Arachis glabrata","Gainesville","Allen et al., 2006",NA,20,"0-20cm deep soil samples","2001","Chamber","intact","Nhigh","Nfixer","Gainsville Allen et al. 2006.xlsx",6,946,1025.8,33.8,37.8,4,4,0.22500145,"Cropland","Agricultural",21.6,2020,"2020",29.65,"N",82.35,"W","Belowground",NA,NA,NA,NA,NA,NA,NA,NA,NA,"sd",360,700,"assumed bulk density: 1.0 g/cm3. Initial C 4.185 g/kg","SOC GCME","Gainesville - Arachis glabrata_Nhigh_Nfixer",33.8,37.8,5,"no",0.0809855059032898,0.00065861478508794,79.8,642.82
"74","Not in AGB db","Gainesville - Paspalum notatum","Gainesville","Allen et al., 2006",NA,20,"0-20cm deep soil samples","2001","Chamber","intact","Nhigh","AM","Gainsville Allen et al. 2006.xlsx",6,1105.6,1127.4,33.8,40.8,4,4,0.06130575,"Cropland","Agricultural",21.6,2020,"2020",29.65,"N",82.35,"W","Belowground",NA,NA,NA,NA,NA,NA,NA,NA,NA,"sd",360,700,"assumed bulk density: 1.0 g/cm3. Initial C 4.185 g/kg","SOC GCME","Gainesville - Paspalum notatum_Nhigh_AM",33.8,40.8,5,"no",0.0195259226340694,0.000561075520047988,21.8000000000002,701.77
"75","SwissCentral_OTC_alpine grassland-AM_Nlow","Swiss Central Alps","Swiss Central Alps","Niklaus & Korner, 1996",NA,5,"0-5cm","1995","OTC","intact","Nlow","AM","SOC",3.17,1836.1,1908.715,93.36,93.36,12,12,0.03319806941,"Grassland","Grassland",0.558333317,168,"168",46.58,"N",8.38,"E",NA,NA,NA,NA,NA,NA,NA,NA,NA,"fig 5","se",NA,NA,"assumed bulk density: 1.0 g/cm3. Initial C 4.185 g/kg","SOC GCME","Swiss Central Alps_Nlow_AM",323.408526789261,323.408526789261,7.585,"no",0.0387864838288557,0.00497783912861445,72.615,17432.1792
"76","SwissCentral_OTC_alpine grassland-AM_Nhigh","Swiss Central Alps F","Swiss Central Alps","Niklaus & Korner, 1996",NA,5,"0-5cm","1995","OTC","intact","Nhigh","AM","SOC",3.17,1825.725,1960.58,124.48,207.47,4,4,0.09908146864,"Grassland","Grassland",0.558333317,168,"168",46.58,"N",8.38,"E",NA,NA,NA,NA,NA,NA,NA,NA,NA,"fig 5","se",NA,NA,"assumed bulk density: 1.0 g/cm3. Initial C 4.185 g/kg","SOC GCME","Swiss Central Alps F_Nhigh_AM",248.96,414.94,3.585,"no",0.0712631794131119,0.0158466931295435,134.855,58539.0713
"77","Swiss_Jura_bromus_erectus-AM_Nlow","Swiss Jura","Swiss Jura","Niklaus et al. 2001",NA,10,"0-10 cm","1999","Chamber","intact","Nlow","AM","SOC",6,4179,4234,242,103,8,8,0.03919726906,"Grassland","Grassland",8.7,1063,"1063",47.45,"N",7.57,"E",NA,NA,NA,NA,NA,NA,NA,NA,NA,"table 1","se",NA,NA,"g C/m2","SOC GCME","Swiss Jura_Nlow_AM",684.479364188578,291.327993848858,7,"no",0.013075189246895,0.00394520183856643,55,69173
"78",NA,"CLIMAITE","CLIMAITE","Vestergård et al. 2016","Deschampsia flexuosa",10,"0-10 cm","2005","FACE","intact","Nlow","AM","biomass is Deschampsia flexuosa only, Callune is Ericoid",8,3906,4364.8,359.6,409.2,6,6,0.0773332034,"Grassland","Grassland",9.7,742,"742",55.88,"N",11.97,"E",NA,NA,NA,NA,NA,NA,NA,NA,NA,"Table 1","SE",NA,570,"bulk density 1.24 g/cm3",NA,"CLIMAITE_Nlow_AM",880.836511504831,1002.33120274688,7,"no",0.111058536772464,0.0172647490709247,458.8,296756.8
"79","CLIMAITE_d_Calluna-Deschamps-AM_Nlow","CLIMAITE D","CLIMAITE","Dietzen et al. 2019","Deschampsia flexuosa",30,"0-30 cm","2013","FACE","intact","Nlow","AM","biomass is Deschampsia flexuosa only, Callune is Ericoid",8,5000,6150,400,500,6,6,0.10724553,"Grassland","Grassland",8,600,"600",55.88,"N",11.97,"E",NA,NA,NA,NA,NA,NA,NA,NA,NA,"Fig.2","SE",NA,570,NA,NA,"CLIMAITE D_Nlow_AM",979.795897113271,1224.74487139159,7,"no",0.207014169384326,0.0130098221957829,1150,410000
"80","CLIMAITE_t_Calluna-Deschamps-AM_Nlow","CLIMAITE T","CLIMAITE","Dietzen et al. 2019","Deschampsia flexuosa",30,"0-30 cm","2013","FACE","intact","Nlow","AM","biomass is Deschampsia flexuosa only, Callune is Ericoid",8,4900,5600,300,500,6,6,0.1461419,"Grassland","Grassland",8,600,"600",55.88,"N",11.97,"E",NA,NA,NA,NA,NA,NA,NA,NA,NA,"Fig.2","SE",NA,570,NA,NA,"CLIMAITE T_Nlow_AM",734.846922834953,1224.74487139159,7,"no",0.133531392624523,0.0117203769262807,700,340000
"81","CLIMAITE_td_Calluna-Deschamps-AM_Nlow","CLIMAITE TD","CLIMAITE","Dietzen et al. 2019","Deschampsia flexuosa",30,"0-30 cm","2013","FACE","intact","Nlow","AM","biomass is Deschampsia flexuosa only, Callune is Ericoid",8,4900,6200,400,1000,6,6,0.16395468,"Grassland","Grassland",8,600,"600",55.88,"N",11.97,"E",NA,NA,NA,NA,NA,NA,NA,NA,NA,"Fig.2","SE",NA,570,NA,NA,"CLIMAITE TD_Nlow_AM",979.795897113271,2449.48974278318,7,"no",0.235314086934465,0.0326784582039828,1300,1160000
"82",NA,"CLIMAITE","CLIMAITE","Vestergård et al. 2016","Calluna vulgaris",10,"0-10 cm","2005","FACE","intact","Nlow","ER",NA,8,3906,4364.8,359.6,409.2,6,6,-0.145851877,"Shrubland","Shrubland",9.7,742,"742",55.88,"N",11.97,"E","Climaite.R",560,484,122,57.3,NA,NA,NA,NA,"Table 1","SE",NA,570,"bulk density 1.24 g/cm3",NA,"CLIMAITE_Nlow_ER",880.836511504831,1002.33120274688,7,"no",0.111058536772464,0.0172647490709247,458.8,296756.8
"83","CLIMAITE_d_Calluna-Deschamps-AM_Nlow","CLIMAITE D","CLIMAITE","Dietzen et al. 2019","Calluna vulgaris",30,"0-30 cm","2013","FACE","intact","Nlow","ER",NA,8,5000,6150,400,500,6,6,-0.1791266659,"Shrubland","Shrubland",8,600,"600",55.88,"N",11.97,"E","Climaite.R",500,418,56.8,118,NA,NA,NA,NA,"Fig.2","SE",NA,570,NA,NA,"CLIMAITE D_Nlow_ER",979.795897113271,1224.74487139159,7,"no",0.207014169384326,0.0130098221957829,1150,410000
"84","CLIMAITE_t_Calluna-Deschamps-AM_Nlow","CLIMAITE T","CLIMAITE","Dietzen et al. 2019","Calluna vulgaris",30,"0-30 cm","2013","FACE","intact","Nlow","ER",NA,8,4900,5600,300,500,6,6,-0.04225980929,"Shrubland","Shrubland",8,600,"600",55.88,"N",11.97,"E","Climaite.R",580,556,118,91.1,NA,NA,NA,NA,"Fig.2","SE",NA,570,NA,NA,"CLIMAITE T_Nlow_ER",734.846922834953,1224.74487139159,7,"no",0.133531392624523,0.0117203769262807,700,340000
"85","CLIMAITE_td_Calluna-Deschamps-AM_Nlow","CLIMAITE TD","CLIMAITE","Dietzen et al. 2019","Calluna vulgaris",30,"0-30 cm","2013","FACE","intact","Nlow","ER",NA,8,4900,6200,400,1000,6,6,-0.1241183927,"Shrubland","Shrubland",8,600,"600",55.88,"N",11.97,"E","Climaite.R",574,507,82,119,NA,NA,NA,NA,"Fig.2","SE",NA,570,NA,NA,"CLIMAITE TD_Nlow_ER",979.795897113271,2449.48974278318,7,"no",0.235314086934465,0.0326784582039828,1300,1160000
"86","UMBS_Pop.trem-ECM/AM_Nlow","MBS - low N","UMBS","Ambus & Robertson, 1999",NA,15,"0-15 cm",NA,"OTC","disturbed","Nlow","ECM",NA,1.5,510,375,24,70.5,3,3,0.307642815,"Temperate_Forest","Tree Stand",8,1031.5,"watered",45.57,"N",84.67,"W",NA,NA,NA,NA,NA,NA,NA,NA,NA,"Tab. 1, personal comm.","sd",NA,NA,"assumed bulk density: 1.0 g/cm3",NA,"MBS - low N_Nlow_ECM",24,70.5,2.25,"no",-0.307484699747961,0.0125195109573241,-135,1848.75
"87","UMBS_Pop.trem-ECM/AM_Nhigh","MBS - high N","UMBS","Ambus & Robertson, 1999",NA,15,"0-15 cm",NA,"OTC","disturbed","Nhigh","ECM",NA,1.5,1845,2325,435,330,3,3,0.3218150788,"Temperate_Forest","Tree Stand",8,1031.5,"watered",45.57,"N",84.67,"W",NA,NA,NA,NA,NA,NA,NA,NA,NA,"Tab. 1, personal comm.","sd",NA,NA,"assumed bulk density: 1.0 g/cm3",NA,"MBS - high N_Nhigh_ECM",435,330,2.25,"no",0.231240761546829,0.0252447620827401,480,99375
"88","Not in AGB db","Montalto di Castro","Montalto di Castro","Calabritto et al. 2002",NA,20,"5-20 cm",NA,"OTC","intact","Nlow","ECM","Dominated by Quercus ilex (ECM), but dense AM shrub component",6.75,3360,2910,477.6505005,404.165808,3,3,NA,NA,NA,NA,NA,NA,NA,NA,NA,NA,NA,NA,NA,NA,NA,NA,NA,NA,NA,"Tab. 1","sd",NA,NA,"assumed bulk density: 1.0 g/cm3",NA,"Montalto di Castro_Nlow_ECM",477.6505005,404.165808,4.875,"no",-0.143787892791712,0.0131663021144288,-450,130500.000328064
"89","Not in AGB db","USDA Beltsville","USDA Beltsville","Islam et al. 2000",NA,15,"0-15 cm",NA,"OTC","intact","Nlow","AM","low irrigation treatment",1.5,1560,1560,524.9056605,653.0232555,2,2,NA,NA,NA,NA,NA,NA,NA,NA,NA,NA,NA,NA,NA,NA,NA,NA,NA,NA,NA,"Tab. 1","sd",NA,NA,"assumed bulk density: 1.0 g/cm3",NA,"USDA Beltsville_Nlow_AM",524.9056605,653.0232555,1.75,"no",0,0.144223644939341,0,350982.66232438
"90","PHACE_Grassland&shrub&forbs-AM_Nlow","PHACE - ambient T","PHACE","Carrillo et al. 2018",NA,15,"0-15cm","2013","FACE","intact","Nlow","AM","pers.comm: PHACE_2019.R",8,2562,2774.667,95.63,209.46,5,5,0.03131451783,"Grassland","Grassland",17.5,384,"384",41.18,"N",104.9,"W",NA,NA,NA,NA,NA,NA,NA,NA,NA,"Fig. 1","SE",400,600,"elev=elev1 + (amb0-elev0)","adjust elev measurements for the pre-treatment differences","PHACE - ambient T_Nlow_AM",213.835180688305,468.366798567106,6.5,"no",0.0797425365232792,0.00709201445877497,212.667,53018.5885
"91","PHACE_t_Grassland&shrub&forbs-AM_Nlow","PHACE - elevated T","PHACE","Carrillo et al. 2018",NA,15,"0-15cm","2013","FACE","intact","Nlow","AM","pers.comm: PHACE_2019.R",8,2634,2680,256.33,174.81,5,5,0.1460886864,"Grassland","Grassland",17.5,384,"384",41.18,"N",104.9,"W",NA,NA,NA,NA,NA,NA,NA,NA,NA,"Fig. 1","SE",400,600,"elev=elev1 + (amb0-elev0)","adjust elev measurements for the pre-treatment differences","PHACE - elevated T_Nlow_AM",573.171304672521,390.887043146738,6.5,"no",0.017313191201676,0.0137250197965416,46,96263.605
"92","Not in AGB db","Rice-FACE - LN","Rice FACE","soil: Wu et. al. 2018a, plant Wu et. al. 2018b","indica rice IIY084",20,"0-20 cm","2012","FACE","intact","Nlow","AM",NA,2,3252.176,3722.44,121.336,15.776,3,3,0.1320571327,"Cropland","Agricultural",15,1000,"1000",32.58,"N",119.7,"E","aboveground",NA,NA,NA,NA,"51.759","59.066",5.2,5.264,"soil: Fig.1. plant: Fig. 2","SE",382,582,"assumed bulk density: 1.16 g/cm3","soil (g kg-1); plant = shoot dry weight (g hill-1)","Rice-FACE - LN_Nlow_AM",210.160116787177,27.3248335402066,2.5,"no",0.135055056483687,0.00140993578400395,470.264,14971.307072
"93","Not in AGB db","Rice-FACE - HN","Rice FACE","soil: Wu et. al. 2018a, plant Wu et. al. 2018b","indica rice IIY084",20,"0-20 cm","2012","FACE","intact","Nhigh","AM",NA,2,3252.176,3445.432,121.336,91.64,3,3,0.2017425159,"Cropland","Agricultural",15,1000,"1000",32.58,"N",119.7,"E","aboveground",NA,NA,NA,NA,"70.276","85.985",8.55,5.46,"soil: Fig.1. plant: Fig. 2","SE",382,582,"assumed bulk density: 1.16 g/cm3","soil (g kg-1); plant = shoot dry weight (g hill-1)","Rice-FACE - HN_Nhigh_AM",210.160116787177,158.725136005612,2.5,"no",0.0577249849706751,0.00209940335424732,193.256,23120.314496
"94","Not in AGB db","Rice-FACE2 - LN","Rice FACE","soil: Cheng et al. 2016; plant: Yang et. al. 2009","Wuxingjing 14 (hybrid japonica rice)",20,"0-20 cm","2011","FACE","intact","Nhigh","AM",NA,7,3874.4,4176,146.16,406,2,2,0.173821996,"Cropland","Agricultural",14.9,980,"980",32.58,"N",119.7,"E","aboveground",NA,NA,NA,NA,"2.56","3.046",0.128,0.144,"soil: Table 1. plant: Fig 1b","SE",370,570,"assumed bulk density: 1.16 g/cm3","soil (g C kg-1), plant: dry weight per stem (mg)","Rice-FACE2 - LN_Nhigh_AM",206.701454276452,574.170706323477,4.5,"no",0.0749630384734553,0.0108753022342983,301.6,186198.7456
"95","Not in AGB db","Rice-FACE2 - HN","Rice FACE","soil: Cheng et al. 2016; plant: Yang et. al. 2009","Wuxingjing 14 (hybrid japonica rice)",20,"0-20 cm","2011","FACE","intact","Nhigh","AM",NA,10,4315.2,4292,361.92,443.12,2,2,0.1193420138,"Cropland","Agricultural",14.9,980,"980",32.58,"N",119.7,"E","aboveground",NA,NA,NA,NA,"2.635","2.969",0.226,0.222,"soil: Table 1. plant: Fig 1b","SE",370,570,"assumed bulk density: 1.16 g/cm3","soil (g C kg-1), plant: dry weight per stem (mg)","Rice-FACE2 - HN_Nhigh_AM",511.832172494071,626.666313758766,6,"no",-0.00539084863487642,0.0176935065053523,-23.1999999999998,327341.4208
"96","Not in AGB db","Rice-FACE3","Rice FACE","Guo et. al., 2015","rice-wheat cropping paddy",15,"0-15 cm","June 2004","FACE","intact","Nhigh","AM",NA,5,3092.154,3485.046,61.77,112.404,3,3,0.1739961805,"Cropland","Agricultural",14.9,980,"980",32.58,"N",119.7,"E","total",1.568,1.866,0.043,0.045,NA,NA,NA,NA,"soil: Fig. 3, Plant: Fig. 1","SE",390,590,"assumed bulk density: 1.16 g/cm3","soil: TOC (g/kg), biomass (kg/m2)","Rice-FACE3_Nhigh_AM",106.98877838353,194.689438973972,4,"no",0.119613308115746,0.00143932622500009,392.892,16450.192116
"97","Not in AGB db","T-FACE - ambient T","T-FACE","soil: Chen et al. 2015; plant: Zhang et. al. 2014","rice–wheat annual rotation",20,"0-20 cm","April 2011","FACE","intact","Nhigh","AM",NA,3,3936,4896,312,312,3,3,0.126505476,"Cropland","Agricultural",16,1150,"1150",31.5,"N",120.55,"E","aboveground",NA,NA,NA,NA,"2321","2634",248,244,"soil: Table 1, plant Table 3","SE",412,500,"assumed bulk density: 1.2 g/cm3","g kg-1","T-FACE - ambient T_Nhigh_AM",540.39985196149,540.39985196149,3,"no",0.218253566020018,0.0103444003255966,960,194688
"98","Not in AGB db","T-FACE - elevated T","T-FACE","soil: Chen et al. 2015; plant: Zhang et. al. 2014","rice–wheat annual rotation",20,"0-20 cm","April 2011","FACE","intact","Nhigh","AM",NA,3,3840,5136,240,144,3,3,0.1100886569,"Cropland","Agricultural",18,1150,"1150",31.5,"N",120.55,"E","aboveground",NA,NA,NA,NA,"1899","2120",148,290,"soil: Table 1, plant Table 3","SE",412,500,"assumed bulk density: 1.2 g/cm3","g kg-1","T-FACE - elevated T_Nhigh_AM",415.692193816531,249.415316289918,3,"no",0.290802199788025,0.00469234485544589,1296,78336
"99",NA,"OTC Changbai Mountain Research","OTC Changbai Mountain Research","Sun et al. 2017 (soil), 2018 (plant)","Quercus mongolica (oak)",10,"0-10 cm","2004","OTC","intact","Nlow","ECM",NA,10,2890,2910,140,270,3,3,0.2527110766,"Temperate_Forest","Tree Stand",10.55,745,"745",42.4,"N",128.1,"E","total",2303.3,2910.3,105.9,102.7,NA,NA,NA,NA,"soil: Table 2, plant: Table 2","SE",320,500,"assumed bulk density: 1.0 g/cm3","soil: SOC (g kg-1); plant (g)","OTC Changbai Mountain Research_Nlow_ECM",242.487113059643,467.653718043597,6.5,"no",0.00689657905906046,0.0109554940261565,20,92500
"100","Not in AGB db","Maoxian Field China","Maoxian Field China","Duan et al. 2015","Abies faxoniana",10,"0-10 cm","2006","Chamber","intact","Nlow","ECM","native soil cores 30 cm in height, 50 cm in length, and 50 cm in width, and were placed in wood containers of the same size with minimal soil disturbance",6,1830,1770,20,10,3,3,-0.01370092179,"Subalpine_Forest","Tree Stand",14.2,1081.40002,"watered",31.683,"N",104.05,"E","total",574.316,566.501,14.77,5.366,NA,NA,NA,NA,"Soil: Table 1. Plant: Fig. 1","SE",350,700,"assumed bulk density: 1.0 g/cm3","g","Maoxian Field China_Nlow_ECM",34.6410161513775,17.3205080756888,4.5,"no",-0.0333364202675918,0.000151361512892505,-60,500
"101","Not in AGB db","Sichuan - ambient T","Sichuan","Liu and Zang 2019","Abies faxoniana",15,"0-15 cm",NA,"Chamber","intact","Nlow","ECM",NA,6,91.39,103.2,NA,NA,2,2,NA,"Subalpine_Forest","Tree Stand",14.2,341,"341",31.68,"N",104.05,"E",NA,NA,NA,NA,NA,NA,NA,NA,NA,"Table 1",NA,NA,NA,NA,"g/kg","Sichuan - ambient T_Nlow_ECM",9.38491860652509,12.4775754028631,4,"yes",0.121532789763352,0.0125819270828036,11.81,121.883292592617
"102","Not in AGB db","Sichuan - elevated T","Sichuan","Liu and Zang 2019","Abies faxoniana",15,"0-15 cm",NA,"Chamber","intact","Nlow","ECM",NA,6,60.96,126.46,NA,NA,2,2,NA,"Subalpine_Forest","Tree Stand",14.2,341,"341",31.68,"N",104.05,"E",NA,NA,NA,NA,NA,NA,NA,NA,NA,"Table 1",NA,NA,NA,NA,"g/kg","Sichuan - elevated T_Nlow_ECM",6.26003543334905,15.2898661380432,4,"yes",0.729708141252076,0.0125819270828036,65.5,136.484025073033
"103",NA,"NSW - wheat","NSW","Xu et al. 2017","wheat (Triticum aestivum L. cv. Yitpi)",10,"0-10 cm",NA,"Chamber","disturbed","Nhigh","AM","Rhizosphere extractable organic C",0.17,2800,2261.062,NA,NA,4,4,0.05556985115,"Grassland","Grassland",20,1292.90002,"watered",32.183,"S",149.55,"E","aboveground",14.21,15.03,NA,NA,"10.5","11.1",NA,NA,"Soil: Fig 4. Plant: Table 1","SE",400,800,"standardised to initial SOC 28 mg g−1","soil: mg C kg-1 soil; dry weight: g column-1","NSW - wheat_Nhigh_AM",287.534435914982,273.37763173981,2.085,"yes",-0.213784802766374,0.00629096354140179,-538.938,39352.8453431535
"104",NA,"NSW - white lupin","NSW","Xu et al. 2017","white lupin (Lupinus albus L. cv. Kiev)",10,"0-10 cm",NA,"Chamber","disturbed","Nhigh","AM","Rhizosphere extractable organic C",0.17,2800,3419.70095,NA,NA,4,4,0.3078146511,"Grassland","Grassland",20,1292.90002,"watered",32.183,"S",149.55,"E","aboveground",8.71,12.53,NA,NA,"7.13","9.7",NA,NA,"Soil: Fig 4. Plant: Table 1","SE",400,800,"standardised to initial SOC 28 mg g−1","soil: mg C kg-1 soil; dry weight: g column-1","NSW - white lupin_Nhigh_AM",287.534435914982,413.46488816732,2.085,"yes",0.199933688549655,0.00629096354140178,619.70095,63407.3163960404
"105",NA,"SoilFACE Chromosol","SoilFACE","Xu et al. 2019","pea-canola-wheat rotation",5,"0-5 cm","2009","FACE","intact","Nhigh","AM","no plant data",8,40.8,37.5,NA,NA,4,4,NA,"Cropland","Agricultural",14.95,462,"462",36.75,"S",142.1,"E",NA,NA,NA,NA,NA,NA,NA,NA,NA,"Table 1",NA,395,550,NA,"mg g-1","SoilFACE Chromosol_Nhigh_AM",4.18978749476117,4.53400268999384,6,"yes",-0.0843411484337508,0.00629096354140178,-3.3,9.52787491103213
"106",NA,"SoilFACE Vertosoll","SoilFACE","Xu et al. 2019","pea-canola-wheat rotation",5,"0-5 cm","2009","FACE","intact","Nhigh","AM","Jazz: Agface soil is vertosol",8,10.6,11.2,NA,NA,4,4,NA,"Cropland","Agricultural",14.95,462,"462",36.75,"S",142.1,"E",NA,NA,NA,NA,NA,NA,NA,NA,NA,"Table 1",NA,390,550,NA,"mg g-1","SoilFACE Vertosoll_Nhigh_AM",1.08852322167815,1.35415547007816,6,"yes",0.0550597771830274,0.00629096354140178,0.6,0.754654960318795
"107",NA,"SoilFACE Calcarosoll","SoilFACE","Xu et al. 2019","pea-canola-wheat rotation",5,"0-5 cm","2009","FACE","intact","Nhigh","AM","Jazz: Walpeup is Calcarosoll soil",8,4.3,3.8,NA,NA,4,4,NA,"Cropland","Agricultural",14.95,462,"462",35.119,"S",142,"E",NA,NA,NA,NA,NA,NA,NA,NA,NA,"Table 1",NA,390,550,NA,"mg g-1","SoilFACE Calcarosoll_Nhigh_AM",0.441570740869437,0.459445605919376,6,"yes",-0.123613955967177,0.00629096354140179,-0.5,0.101518745997652
"108",NA,"SoilFACE2 Chromosol","SoilFACE","Jin et al. 2017","Wheat-pulse rotation (Triticum aestivum L. cv. Yitpi), field pea (Pisum sativum L. cv. PBATwilight) and canola (Brassica napus L. cv. Hyola 50)",10,"0-10 cm","2009","FACE","intact","Nhigh","AM","no plant data",7,40.288,37.054,1.304,0.183,4,4,NA,"Cropland","Agricultural",14.95,462.5,"462.5",36.75,"S",142.1,"E",NA,NA,NA,NA,NA,NA,NA,NA,NA,"Fig. 4","SE",390,550,NA,"mg kg−1 soil","SoilFACE2 Chromosol_Nhigh_AM",2.608,0.366,5.5,"no",-0.0836773497341156,0.00107201109750613,-3.23399999999999,1.733905
"109",NA,"SoilFACE2 Vertosoll","SoilFACE","Jin et al. 2017","Wheat-pulse rotation (Triticum aestivum L. cv. Yitpi), field pea (Pisum sativum L. cv. PBATwilight) and canola (Brassica napus L. cv. Hyola 50)",10,"0-10 cm","2009","FACE","intact","Nhigh","AM",NA,7,8.331,8.407,0.408,0.186,4,4,NA,"Cropland","Agricultural",14.95,462.5,"462.5",36.75,"S",142.1,"E",NA,NA,NA,NA,NA,NA,NA,NA,NA,"Fig. 4","SE",390,550,NA,"mg kg−1 soil","SoilFACE2 Vertosoll_Nhigh_AM",0.816,0.372,5.5,"no",0.0090811951603876,0.00288791449561568,0.0760000000000005,0.20106
"110",NA,"SoilFACE2 Calcarosoll","SoilFACE","Jin et al. 2017","Wheat-pulse rotation (Triticum aestivum L. cv. Yitpi), field pea (Pisum sativum L. cv. PBATwilight) and canola (Brassica napus L. cv. Hyola 50)",10,"0-10 cm","2009","FACE","intact","Nhigh","AM","no plant data",7,3.247,3.656,0.129,0.286,4,4,NA,"Cropland","Agricultural",14.95,462.5,"462.5",36.75,"S",142.11,"E",NA,NA,NA,NA,NA,NA,NA,NA,NA,"Fig. 4","SE",390,550,NA,"mg kg−1 soil","SoilFACE2 Calcarosoll_Nhigh_AM",0.258,0.572,5.5,"no",0.118638160471195,0.00769794478201924,0.409,0.098437
"111",NA,"SoilFACE3 Calcarosoll","SoilFACE","Butterly et al. 2016 Soil Biology and Biochemistry","wheat, field pea, canola",5,"0-5 cm","2009","FACE","disturbed","Nlow","AM","no plant data",5,4.321,5.033,0.08,0.296,4,4,NA,"Cropland","Agricultural",14.95,436,"436",36.75,"S",142.11,"E",NA,NA,NA,NA,NA,NA,NA,NA,NA,"Fig. 1","SD",390,550,NA,"g C kg-1","SoilFACE3 Calcarosoll_Nlow_AM",0.08,0.296,4.5,"no",0.152529370844427,0.000950402389461624,0.712000000000001,0.023504
"112",NA,"SoilFACE3 Chromosol","SoilFACE","Butterly et al. 2016 Soil Biology and Biochemistry","wheat, field pea, canola",5,"0-5 cm","2009","FACE","disturbed","Nhigh","AM","no plant data",5,47.239,43.097,2.228,0.763,4,4,NA,"Cropland","Agricultural",14.95,436,"436",36.75,"S",142.11,"E",NA,NA,NA,NA,NA,NA,NA,NA,NA,"Fig. 1","SD",390,550,NA,"g C kg-1","SoilFACE3 Chromosol_Nhigh_AM",2.228,0.763,4.5,"no",-0.0917664334851589,0.000634480714552292,-4.142,1.38653825
"113",NA,"SoilFACE3 Vertosoll","SoilFACE","Butterly et al. 2016 Soil Biology and Biochemistry","wheat, field pea, canola",5,"0-5 cm","2009","FACE","disturbed","Nhigh","AM",NA,5,11.331,10.092,0.519,0.583,4,4,NA,"Cropland","Agricultural",14.95,436,"436",36.75,"S",142.11,"E",NA,NA,NA,NA,NA,NA,NA,NA,NA,"Fig. 1","SD",390,550,NA,"g C kg-1","SoilFACE3 Vertosoll_Nhigh_AM",0.519,0.583,4.5,"no",-0.115799301619618,0.0013587919984872,-1.239,0.1523125
"114",NA,"SoilFACE4 - LN","SoilFACE","Butterly et al. 2015","field pea (Pisum sativum L.) maturity and filling; bulk soil",10,"0-10 cm","2011","FACE","disturbed","Nhigh","Nfixer",NA,0.5,733.04,722.33,NA,NA,4,4,0.2030391754,"Cropland","Agricultural",14.95,222,"222",36.75,"S",142.1,"E","aboveground",34.626,41.565,1.686,1.019,"32.892","39.682",1.622,0.901,"Soil: Table S3, S4/Plant: Fig. 2","SE",390,550,"1.19 g cm−3",NA,"SoilFACE4 - LN_Nhigh_Nfixer",75.2765153225424,87.3345643483534,2.25,"yes",-0.0147181724740214,0.00629096354140178,-10.7099999999999,3323.46997225541
"115",NA,"SoilFACE4 - HN","SoilFACE","Butterly et al. 2015","field pea (Pisum sativum L.) maturity and filling; bulk soil",10,"0-10 cm","2011","FACE","disturbed","Nhigh","Nfixer",NA,0.5,680.68,736.015,NA,NA,4,4,0.2481523968,"Cropland","Agricultural",14.95,222,"222",36.75,"S",142.1,"E","aboveground",36.012,43.496,0.586,1.836,"34.236","41.405",0.402,1.735,"Soil: Table S3, S4/Plant: Fig. 2","SE",390,550,"1.19 g cm−3",NA,"SoilFACE4 - HN_Nhigh_Nfixer",69.8996213709322,88.9891730633552,2.25,"yes",0.0781582004527446,0.00629096354140178,55.335,3201.25749757486
"116",NA,"SoilFACE4 - LN","SoilFACE","Butterly et al. 2015","wheat (Triticum aestivum L.) maturity and filling; bulk soil",10,"0-10 cm","2011","FACE","disturbed","Nhigh","AM",NA,0.5,708.05,708.05,NA,NA,4,4,0.2791514899,"Cropland","Agricultural",14.95,222,"222",36.75,"S",142.1,"E","aboveground",44.88,57.984,0.698,2.576,"39.177","51.143",0.531,2.028,"Soil: Table S3, S4/Plant: Fig. 2","SE",390,550,"1.19 g cm−3",NA,"SoilFACE4 - LN_Nhigh_AM",72.7102704820012,85.6080161240037,2.25,"yes",0,0.00629096354140178,0,3153.87896456336
"117",NA,"SoilFACE4 - HN","SoilFACE","Butterly et al. 2015","wheat (Triticum aestivum L.) maturity and filling; bulk soil",10,"0-10 cm","2011","FACE","disturbed","Nhigh","AM",NA,0.5,699.72,767.55,NA,NA,4,4,0.3585112868,"Cropland","Agricultural",14.95,222,"222",36.75,"S",142.1,"E","aboveground",41.253,54.955,0.521,2.078,"36.383","47.988",0.402,1.134,"Soil: Table S3, S4/Plant: Fig. 2","SE",390,550,"1.19 g cm−3",NA,"SoilFACE4 - HN_Nhigh_AM",71.8548555351541,92.801967058794,2.25,"yes",0.0925233688971455,0.00629096354140178,67.8299999999999,3443.83133848984
"118",NA,"SoilFACE5","SoilFACE","Butterly et al. 2016 Plant and Soil","wheat (Triticum aestivum cv. Yitpi)",10,"0-10 cm","2011","FACE","disturbed","Nhigh","AM",NA,0.17,1500,1520,NA,NA,4,4,0.07796154147,"Cropland","Agricultural",22.8,737.600037,"watered",36.75,"S",142.1,"E","aboveground",0.524,0.533,0.415,0.415,"0.37","0.4",0.23,0.23,"Soil: Table 3, 4; Plant: Table 1, 2",NA,390,550,"Bulk density 1.0 g cm−3",NA,"SoilFACE5_Nhigh_AM",154.036304954455,183.77824236775,2.085,"yes",0.0132452267500207,0.00629096354140178,20,14375.4064029504
"119",NA,"SoilFACE5","SoilFACE","Butterly et al. 2016 Plant and Soil","wheat (Triticum aestivum cv. Yitpi)",10,"0-10 cm","2011","FACE","disturbed","Nlow","AM",NA,0.17,1560,1440,NA,NA,4,4,-0.03636764417,"Cropland","Agricultural",22.8,737.600037,"watered",36.75,"S",142.1,"E","aboveground",1.137,1.049,0.415,0.415,"0.84","0.81",0.23,0.23,"Soil: Table 3, 4; Plant: Table 1, 2",NA,390,550,"Bulk density 1.0 g cm−3",NA,"SoilFACE5_Nlow_AM",160.197757152633,174.105703295764,2.085,"yes",-0.0800427076735364,0.00629096354140178,-120,13994.0293292116
"120",NA,"SoilFACE5 wheat residue-low N","SoilFACE","Butterly et al. 2016 Plant and Soil","wheat (Triticum aestivum cv. Yitpi) + N",10,"0-10 cm","2011","FACE","disturbed","Nlow","AM",NA,0.17,2060,2290,NA,NA,4,4,0.3586338084,"Cropland","Agricultural",22.8,737.600037,"watered",36.75,"S",142.1,"E","aboveground",1.5,1.89,0.55,0.55,"1.02","1.46",0.28,0.28,"Soil: Table 3, 4; Plant: Table 1, 2",NA,390,550,"Bulk density 1.0 g cm−3",NA,"SoilFACE5 wheat residue-low N_Nlow_AM",211.543192137451,276.876430935624,2.085,"yes",0.105845834764659,0.00629096354140178,230,30352.770036838
"121",NA,"SoilFACE5 wheat residue-high N","SoilFACE","Butterly et al. 2016 Plant and Soil","wheat (Triticum aestivum cv. Yitpi) + N",10,"0-10 cm","2011","FACE","disturbed","Nhigh","AM",NA,0.17,2020,2000,NA,NA,4,4,0.2363887781,"Cropland","Agricultural",22.8,737.600037,"watered",36.75,"S",142.1,"E","aboveground",2.78,3.82,0.55,0.55,"2.25","2.85",0.28,0.28,"Soil: Table 3, 4; Plant: Table 1, 2",NA,390,550,"Bulk density 1.0 g cm−3",NA,"SoilFACE5 wheat residue-high N_Nhigh_AM",207.435557338666,241.813476799672,2.085,"yes",-0.00995033085316809,0.00629096354140178,-20,25375.8170025871
"122",NA,"SoilFACE5 pea residue-low N","SoilFACE","Butterly et al. 2016 Plant and Soil","wheat (Triticum aestivum cv. Yitpi) + N",10,"0-10 cm","2011","FACE","disturbed","Nlow","AM",NA,0.17,1850,1980,NA,NA,4,4,0.2397381637,"Cropland","Agricultural",22.8,737.600037,"watered",36.75,"S",142.1,"E","aboveground",3.11,4.29,0.55,0.55,"2.51","3.19",0.28,0.28,"Soil: Table 3, 4; Plant: Table 1, 2",NA,390,550,"Bulk density 1.0 g cm−3",NA,"SoilFACE5 pea residue-low N_Nlow_AM",189.978109443828,239.395342031675,2.085,"yes",0.0679112056162104,0.00629096354140178,130,23350.4529635784
"123",NA,"SoilFACE5 pea residue-high N","SoilFACE","Butterly et al. 2016 Plant and Soil","wheat (Triticum aestivum cv. Yitpi) + N",10,"0-10 cm","2011","FACE","disturbed","Nhigh","AM",NA,0.17,2040,1920,NA,NA,4,4,0.2846654789,"Cropland","Agricultural",22.8,737.600037,"watered",36.75,"S",142.1,"E","aboveground",3.1,4.32,0.55,0.55,"2.49","3.31",0.28,0.28,"Soil: Table 3, 4; Plant: Table 1, 2",NA,390,550,"Bulk density 1.0 g cm−3",NA,"SoilFACE5 pea residue-high N_Nhigh_AM",209.489374738059,232.140937727685,2.085,"yes",-0.0606246218164349,0.00629096354140178,-120,24443.8032743079
"124",NA,"SoilFACE5","SoilFACE","Butterly et al. 2016 Plant and Soil","field pea (Pisum sativum L.)",10,"0-10 cm","2011","FACE","disturbed","Nlow","Nfixer",NA,0.17,1310,1620,NA,NA,4,4,0.1541506798,"Cropland","Agricultural",22.8,737.600037,"watered",36.75,"S",142.1,"E","aboveground",1.414,1.603,0.415,0.415,"1.26","1.47",0.23,0.23,"Soil: Table 3, 4; Plant: Table 1, 2",NA,390,550,"Bulk density 1.0 g cm−3",NA,"SoilFACE5_Nlow_Nfixer",134.525039660224,195.868916207734,2.085,"yes",0.212399012031233,0.00629096354140178,310,14115.4046579943
"125",NA,"SoilFACE5","SoilFACE","Butterly et al. 2016 Plant and Soil","field pea (Pisum sativum L.)",10,"0-10 cm","2011","FACE","disturbed","Nhigh","Nfixer",NA,0.17,1360,1510,NA,NA,4,4,0.08701137699,"Cropland","Agricultural",22.8,737.600037,"watered",36.75,"S",142.1,"E","aboveground",2.497,2.639,0.415,0.415,"2.2","2.4",0.23,0.23,"Soil: Table 3, 4; Plant: Table 1, 2",NA,390,550,"Bulk density 1.0 g cm−3",NA,"SoilFACE5_Nhigh_Nfixer",139.659583158706,182.569174983752,2.085,"yes",0.104624951078872,0.00629096354140178,150,13209.0757055778
"126",NA,"SoilFACE5 wheat residue-low N","SoilFACE","Butterly et al. 2016 Plant and Soil","field pea (Pisum sativum L.)",10,"0-10 cm","2011","FACE","disturbed","Nlow","Nfixer",NA,0.17,1840,2160,NA,NA,4,4,0.1351258655,"Cropland","Agricultural",22.8,737.600037,"watered",36.75,"S",142.1,"E","aboveground",2.52,2.87,0.55,0.55,"2.35","2.69",0.28,0.28,"Soil: Table 3, 4; Plant: Table 1, 2",NA,390,550,"Bulk density 1.0 g cm−3",NA,"SoilFACE5 wheat residue-low N_Nlow_Nfixer",188.951200744131,261.158554943645,2.085,"yes",0.160342650075179,0.00629096354140178,320,25976.5867707255
"127",NA,"SoilFACE5 wheat residue-high N","SoilFACE","Butterly et al. 2016 Plant and Soil","field pea (Pisum sativum L.)",10,"0-10 cm","2011","FACE","disturbed","Nhigh","Nfixer",NA,0.17,2100,2010,NA,NA,4,4,0.0597192347,"Cropland","Agricultural",22.8,737.600037,"watered",36.75,"S",142.1,"E","aboveground",2.79,2.91,0.55,0.55,"2.6","2.76",0.28,0.28,"Soil: Table 3, 4; Plant: Table 1, 2",NA,390,550,"Bulk density 1.0 g cm−3",NA,"SoilFACE5 wheat residue-high N_Nhigh_Nfixer",215.650826936237,243.02254418367,2.085,"yes",-0.0438026226583929,0.00629096354140178,-90,26391.3090349466
"128",NA,"SoilFACE5 pea residue-low N","SoilFACE","Butterly et al. 2016 Plant and Soil","field pea (Pisum sativum L.)",10,"0-10 cm","2011","FACE","disturbed","Nlow","Nfixer",NA,0.17,1960,1970,NA,NA,4,4,0.2823713855,"Cropland","Agricultural",22.8,737.600037,"watered",36.75,"S",142.1,"E","aboveground",2.54,3.31,0.55,0.55,"2.36","3.13",0.28,0.28,"Soil: Table 3, 4; Plant: Table 1, 2",NA,390,550,"Bulk density 1.0 g cm−3",NA,"SoilFACE5 pea residue-low N_Nlow_Nfixer",201.274105140488,238.186274647677,2.085,"yes",0.00508906950747123,0.00629096354140178,10,24310.9917076606
"129",NA,"SoilFACE5 pea residue-high N","SoilFACE","Butterly et al. 2016 Plant and Soil","field pea (Pisum sativum L.)",10,"0-10 cm","2011","FACE","disturbed","Nhigh","Nfixer",NA,0.17,1940,1910,NA,NA,4,4,0.1798401659,"Cropland","Agricultural",22.8,737.600037,"watered",36.75,"S",142.1,"E","aboveground",2.87,3.4,0.55,0.55,"2.69","3.22",0.28,0.28,"Soil: Table 3, 4; Plant: Table 1, 2",NA,390,550,"Bulk density 1.0 g cm−3",NA,"SoilFACE5 pea residue-high N_Nhigh_Nfixer",199.220287741095,230.931870343686,2.085,"yes",-0.0155847310166982,0.00629096354140178,-30,23254.5629470195
"130",NA,"OTC New Delhi","SoilFACE","Saha et al. 2016","chickpea (C. arietinum L.; cv. Pusa 1105 - kabuli type)",15,"0-15 cm","2010","OTC","intact","Nhigh","Nfixer","root weight density at vegetative stage",2,3465.45,3791.55,838.05,753.6,2,2,0.174562546,"Cropland","Agricultural",19.5,710,"710",28.583,"N",77.2,"E","root",1160.65,2075.09,NA,NA,NA,NA,NA,NA,"Soil: Table 2/Plant: Table 3, 4","SE",NA,580,"amb: 1.51 g cm−3, elev: 1.57 g cm−3","soil: rhizosphere SOC %; plant: mean of 3 plant growth stages (root weight: g cm-3 x 10-5, root length: cm cm-3x10-1; plant weight: dry mass mg plant-1)","OTC New Delhi_Nhigh_Nfixer",1185.18167594677,1065.75134060436,2,"no",0.0899324121254113,0.0979864292521725,326.1,1270240.7625
"131",NA,"FACE NBRI - teak","SoilFACE","Singh et al. 2018","Tectona grandis (Teak)",15,"15 cm","2012","FACE","intact","Nhigh","AM","grown with N-fixing tree, hence Nhigh",3.83,2248.08,2535.72,212.16,240.72,5,5,0.15936355,"Tropical_Forest","Tree Stand",25,700,"700",26.916,"N",80.98,"E","total",49.2,57.7,8.02,9.8,"41.7","49",6.5,8.3,"Soil: Table 3; Plant: Table 1","SE",395,550,"Bulk density 1.36 g cm−3","Soil: TOC g kg-1; Plant: total biomass (kg)","FACE NBRI - teak_Nhigh_AM",474.404182106355,538.266283543749,4.415,"no",0.120401101797851,0.017918438443696,287.64,102957.984
"132",NA,"FACE NBRI - butea","SoilFACE","Singh et al. 2018","Butea monosperma (Butea)",15,"15 cm","2012","FACE","intact","Nlow","Nfixer",NA,3.83,2144.04,2301.12,189.72,204,5,5,0.09716374845,"Tropical_Forest","Tree Stand",25,700,"700",26.916,"N",80.98,"E","total",4.9,5.4,0.74,0.81,"3.2","3.4",0.5,0.6,"Soil: Table 3; Plant: Table 1","SE",395,550,"Bulk density 1.36 g cm−3","Soil: TOC g kg-1; Plant: height (m), root weight (kg), above ground biomass & total biomass (kg)","FACE NBRI - butea_Nlow_Nfixer",424.22681669126,456.157867409957,4.415,"no",0.0707040611810531,0.0156892392285354,157.08,77609.6784
"133",NA,"OTC Hyperaba India - 550ppm - C4","SoilFACE","Srinivasarao et al. 2016","C4 crops (sorghum, pearl millet) 550 eCO2",20,"0-20 cm","2005","OTC","intact","Nhigh","AM",NA,5,4260,5036,260,300,3,3,0.05705088118,"Cropland","Agricultural",26,1161,"watered",28,"N",78,"E","total",162.7,172.7,NA,26.6,NA,NA,NA,NA,"Soil: Table 5/Plant: Table 1","SE",380,550,NA,NA,"OTC Hyperaba India - 550ppm - C4_Nhigh_AM",450.333209967908,519.615242270663,4,"no",0.167342955900822,0.00727372501489126,776,157600
"134",NA,"OTC Hyperaba India - 700ppm - C4","SoilFACE","Srinivasarao et al. 2016","C4 crops (sorghum, pearl millet) 700 eCO2",20,"0-20 cm","2005","OTC","intact","Nhigh","AM",NA,5,4260,4126,260,250,3,3,0.1660610359,"Cropland","Agricultural",26,1161,"watered",28,"N",78,"E","total",162.7,192.2,NA,46.7,NA,NA,NA,NA,"Soil: Table 5/Plant: Table 1","SE",380,550,NA,NA,"OTC Hyperaba India - 700ppm - C4_Nhigh_AM",450.333209967908,433.012701892219,4,"no",-0.031960745632219,0.00739632480493528,-134,130100
"135",NA,"OTC Hyperaba India - 550ppm - C3","SoilFACE","Srinivasarao et al. 2016","C3 crops (sunflower, groundnut, pigeonpea, black gram, castor) 550 eCO2",20,"0-20 cm","2005","OTC","intact","Nhigh","AM",NA,5,4260,5036,260,300,3,3,0.1524977869,"Cropland","Agricultural",26,1161,"watered",28,"N",78,"E","total",482.49,592.26,NA,137.5,NA,NA,NA,NA,"Soil: Table 5/Plant: Table 2","SE",380,550,NA,NA,"OTC Hyperaba India - 550ppm - C3_Nhigh_AM",450.333209967908,519.615242270663,4,"no",0.167342955900822,0.00727372501489126,776,157600
"136",NA,"OTC Hyperaba India - 700ppm - C3","SoilFACE","Srinivasarao et al. 2016","C3 crops (sunflower, groundnut, pigeonpea, black gram, castor) 700 eCO2",20,"0-20 cm","2005","OTC","intact","Nhigh","AM",NA,5,4260,4126,260,250,3,3,0.6811817037,"Cropland","Agricultural",26,1161,"watered",28,"N",78,"E","total",482.49,665.48,NA,231.7,NA,NA,NA,NA,"Soil: Table 5/Plant: Table 2","SE",380,700,NA,NA,"OTC Hyperaba India - 700ppm - C3_Nhigh_AM",450.333209967908,433.012701892219,4,"no",-0.031960745632219,0.00739632480493528,-134,130100
"137",NA,"OTC CRRI Cuttack India","SoilFACE","Bhattacharyya et al. 2014","Rice (Oryza sativa L.)",30,"0–30 cm","2011","OTC","intact","Nhigh","AM",NA,3,1932,2142,NA,NA,2,2,0.1854293429,"Cropland","Agricultural",31.8,1500,"1500",20.45,"N",85.94,"E","aboveground",NA,NA,NA,NA,"589","709",NA,NA,"Soil: Table 4/Plant: Table 3",NA,394,550,"1.4","soil: g kg-1; total plant: root + shoot biomass (g m-2)","OTC CRRI Cuttack India_Nhigh_AM",198.398760781338,258.982233652448,2.5,"yes",0.103184236235231,0.0125819270828036,210,53216.9328135909
"138","Sapporo - brown soil_Quercus mongolica-ECM_Nhigh","FACE Sapporo - brown soil","SoilFACE","unpublished","mixed AGB species",5,"0-5cm","2013","FACE","intact","Nlow","ECM","Soil: Soil data in Sapporo FACE.xlsx, modified accounting for pre-treatment differences. Biomass: Average AGB dataset",10,1385,1385,75,95,3,3,0.2971276525,"Temperate_Forest","Tree Stand",9.46,1285,"1285",43.01,"N",141.33,"E","aboveground",NA,NA,NA,NA,NA,NA,NA,NA,NA,NA,NA,NA,"assumed bulk density: 1.0 g/cm3",NA,"FACE Sapporo - brown soil_Nlow_ECM",142.226854907947,167.455832683773,6.5,"yes",0,0.00838795138853571,0,16089.9780522739
"139","Sapporo - volcanic ash_Fagus crenata-ECM_Nlow","FACE Sapporo - volcanic ash","SoilFACE","unpublished","Fagus crenata & Quercus mongolica",5,"0-5cm","2013","FACE","disturbed","Nlow","ECM","Soil: Soil data in Sapporo FACE.xlsx, modified accounting for pre-treatment differences. Biomass: Average AGB dataset. This soil was exported from a different site, Eguchi et al. 2008",10,1020,900,65,60,3,3,0.06624861725,"Temperate_Forest","Tree Stand",9.3,1150,"1150",43.01,"N",141.33,"E","aboveground",NA,NA,NA,NA,NA,NA,NA,NA,NA,NA,NA,NA,"assumed bulk density: 1.0 g/cm3",NA,"FACE Sapporo - volcanic ash_Nlow_ECM",104.744687369029,108.816064559852,6.5,"yes",-0.125163142954006,0.00838795138853571,-120,7604.12847944321
"140",NA,"Glasshouse University of Paris XI","Glasshouse University of Paris XI","Niboyet et al. 2017","post rewetting: mixtures (Dactylis glomerata, Lolium perenne, Festuca arundinacea, Trifolium repens)",10,"0-10 cm","April 2012","Chamber","disturbed","Nhigh","AM","pot",0.67,220,178,NA,NA,6,6,0.2328626574,"Grassland","Agricultural",23.9,1076.20007,"watered",48.6977,"N",21.77,"E","aboveground",NA,NA,NA,NA,"547.771","691.401",22.112,43.209,"DOC: Fig. 2, aboveground: Fig.1, shoot & root: Fig. 4","SE",463,702,"standardised to initial 0.11% C","DOC: μg g-1 dry soil; plant: g m-2","Glasshouse University of Paris XI_Nhigh_AM",22.59199139332,21.5213994351708,3.335,"yes",-0.211843996060276,0.00419397569426786,-42,162.261451460669
"141",NA,"SAWFACE Spain","SAWFACE","Sanchez-Carrillo et al. 2017","P. australis (Cav.) Trin. ex Steudel (common reed) by Cladium mariscus (L.) Pohl (cut sedge) (<5%)",20,"0– 20 cm","2013","FACE","disturbed","Nhigh","NM",NA,2,2718.9,3304,244.3,160.4,6,6,0.21,"Wetland","Wetland",NA,NA,NA,39.13,"N",5.38,"W","aboveground",NA,NA,NA,NA,"1.699","2.2",1.281,1.57,"soil: Figure 8, plant: Figure 2, 3","SE",399,582,NA,"averaged June and October 2013 measurements","SAWFACE Spain_Nhigh_NM",598.41034416193,392.898154742422,4,"no",0.194906468912023,0.0104303063837776,585.1,85410.65
