ID,Experiment,Citation,Species,Depth,date,Experiment_type,Disturbance,N,Myc,Cesar_note,nyears,amb,elev,amb.se,elev.se,amb.n,elev.n,yi,Biome,Ecosystem.type,Latitude,Lat,Longitude,Lon,Biomass data type,total plant biomass.amb,total plant biomass.elev,se_total plant biomass.amb,se_total plant biomass.elev,aboveground biomass.amb,aboveground biomass.elev,se_aboveground biomass.amb,se_aboveground biomass.elev,Description of data source,SE/SD,ambCO2,elevCO2,Assumptions,Notes
,,,,,,,,,,,,,,,,,,,,,,,,,,,,,,,,,,,,,,,
Maricopa_wet_wheat-AM_Nhigh,ArizonaFACE - wheat - high N,Leavitt et al. 2001,,0-15 cm,Nov. 1995,FACE,disturbed,Nhigh,AM,,0,1344,1228,52,306,4,4,,Cropland,Agricultural,33.0628,N,111.98,W,750,,,,,,,,,fig. 3,sd,,,assumed constant BD= 1.48 g/cm3 (Post et al. 1988),
,,,,,,,,,,,,,,,,,,,,,,,,,,,,,,,,,,,,,,,
Maricopa_wet_wheat-AM_Nhigh,ArizonaFACE - wheat - high N,Leavitt et al. 2001,,0-15 cm,May-96,FACE,disturbed,Nhigh,AM,,0.5,1363,1305,55,127,4,4,,Cropland,Agricultural,33.0628,N,111.98,W,750,,,,,,,,,fig. 3,sd,,,assumed constant BD= 1.48 g/cm3 (Post et al. 1988),
,,,,,,,,,,,,,,,,,,,,,,,,,,,,,,,,,,,,,,,
Maricopa_wet_wheat-AM_Nhigh,ArizonaFACE - wheat - high N,Leavitt et al. 2001,,0-15 cm,Dec. 1996,FACE,disturbed,Nhigh,AM,,1,1254,1264,80,68,3,3,,Cropland,Agricultural,33.0628,N,111.98,W,750,,,,,,,,,fig. 3,sd,,,assumed constant BD= 1.48 g/cm3 (Post et al. 1988),
,,,,,,,,,,,,,,,,,,,,,,,,,,,,,,,,,,,,,,,
Maricopa_wet_wheat-AM_Nhigh,ArizonaFACE - wheat - high N,Leavitt et al. 2001,,0-15 cm,May-97,FACE,disturbed,Nhigh,AM,,1.5,1258,1400,38,176,4,4,0.05126777975,Cropland,Agricultural,33.0628,N,111.98,W,750,,,,,,,,,fig. 3,sd,,,assumed constant BD= 1.48 g/cm3 (Post et al. 1988),
,,,,,,,,,,,,,,,,,,,,,,,,,,,,,,,,,,,,,,,
Not in AGB db,Biosphere 2,Trueman and  Gonzalez-Meler 2005,,0-25 cm,average 1999,Chamber,disturbed,Nhigh,AM,,0,5950,6362,,,1,1,,,,,,,,,,,,,,,,,fig. 3,,,,"assumed constant bulk density: 0.91 g/cm3 for ambient, 0.97 for 800 ppm (table 2)",
,,,,,,,,,,,,,,,,,,,,,,,,,,,,,,,,,,,,,,,
,Biosphere 2,Trueman and  Gonzalez-Meler 2005,,0-25 cm,average 2000,Chamber,disturbed,Nhigh,AM,,1,5254,4735,,,1,1,,,,,,,,,,,,,,,,,fig. 3,,,,"assumed constant bulk density: 0.91 g/cm3 for ambient, 0.97 for 800 ppm (table 2)",
,,,,,,,,,,,,,,,,,,,,,,,,,,,,,,,,,,,,,,,
,Biosphere 2,Trueman and  Gonzalez-Meler 2005,,0-25 cm,average 2001,Chamber,disturbed,Nhigh,AM,,2,6084,4785,,,1,1,,,,,,,,,,,,,,,,,fig. 3,,,,"assumed constant bulk density: 0.91 g/cm3 for ambient, 0.97 for 800 ppm (table 2)",
,,,,,,,,,,,,,,,,,,,,,,,,,,,,,,,,,,,,,,,
,Biosphere 2,Trueman and  Gonzalez-Meler 2005,,0-25 cm,average 2002,Chamber,disturbed,Nhigh,AM,,3,5470,4064,,,1,1,,,,,,,,,,,,,,,,,fig. 3,,,,"assumed constant bulk density: 0.91 g/cm3 for ambient, 0.97 for 800 ppm (table 2)",
,,,,,,,,,,,,,,,,,,,,,,,,,,,,,,,,,,,,,,,
,Biosphere 2,Trueman and  Gonzalez-Meler 2005,,0-25 cm,average 2003,Chamber,disturbed,Nhigh,AM,,4,5335,4220,,,1,1,,,,,,,,,,,,,,,,,fig. 3,,,,"assumed constant bulk density: 0.91 g/cm3 for ambient, 0.97 for 800 ppm (table 2)",
,,,,,,,,,,,,,,,,,,,,,,,,,,,,,,,,,,,,,,,
ChinaFACE_LN_weath-AM_Nhigh,China FACE - low N,Zhong et al. 2009,,0-15 cm,Mar. 2008,FACE,intact,Nhigh,AM,,3.66,1937,2192,53.94,87,3,3,,Cropland,Agricultural,32.58,N,119.70,E,,,,,,,,,,table 1,sd,,,bulk density: 1.16 g/cm3 f(text),
,,,,,,,,,,,,,,,,,,,,,,,,,,,,,,,,,,,,,,,
ChinaFACE_LN_weath-AM_Nhigh,China FACE - low N,Zhong et al. 2009,,0-15 cm,Jun. 2008,FACE,intact,Nhigh,AM,,4,1937,2123,53.94,104.4,3,3,0.07629751563,Cropland,Agricultural,32.58,N,119.70,E,,,,,,,,,,table 1,sd,,,bulk density: 1.16 g/cm3 f(text),
,,,,,,,,,,,,,,,,,,,,,,,,,,,,,,,,,,,,,,,
ChinaFACE_HN_weath-AM_Nhigh,China FACE - high N,Zhong et al. 2009,,0-15 cm,Mar. 2008,FACE,intact,Nhigh,AM,,3.66,1926,2135,81.78,55.68,3,3,,Cropland,Agricultural,32.58,N,119.70,E,,,,,,,,,,table 1,sd,,,bulk density: 1.16 g/cm3 f(text),
,,,,,,,,,,,,,,,,,,,,,,,,,,,,,,,,,,,,,,,
ChinaFACE_HN_weath-AM_Nhigh,China FACE - high N,Zhong et al. 2009,,0-15 cm,Jun. 2008,FACE,intact,Nhigh,AM,,4,1937,2105,154.86,177.48,3,3,0.1825416999,Cropland,Agricultural,32.58,N,119.70,E,,,,,,,,,,table 1,sd,,,bulk density: 1.16 g/cm3 f(text),
,,,,,,,,,,,,,,,,,,,,,,,,,,,,,,,,,,,,,,,
SCBG_trop_forest-AM_Nlow,China OTC - low N,Liu et al. 2011,,0-20 cm,Jul. 2005,OTC,disturbed,Nlow,AM,,0.33,1103,1168,,,2,3,,Tropical_Forest,Tree Stand,23.33,N,113.50,E,,,,,,,,,,fig. 3,,,,"bulk density estimated from final soil C contents (text, page 733 and fig. 3)","SD values reported in fig. 3, but it's not possible to match each SD value with corresponding average"
,,,,,,,,,,,,,,,,,,,,,,,,,,,,,,,,,,,,,,,
SCBG_trop_forest-AM_Nlow,China OTC - low N,Liu et al. 2010,,0-20 cm,Nov. 2005,OTC,disturbed,Nlow,AM,,0.67,1036,1097,,,2,3,,Tropical_Forest,Tree Stand,23.33,N,113.50,E,,,,,,,,,,fig. 3,,,,"bulk density estimated from final soil C contents (text, page 733 and fig. 3)","SD values reported in fig. 3, but it's not possible to match each SD value with corresponding average"
,,,,,,,,,,,,,,,,,,,,,,,,,,,,,,,,,,,,,,,
SCBG_trop_forest-AM_Nlow,China OTC - low N,Liu et al. 2010,,0-20 cm,Apr. 2006,OTC,disturbed,Nlow,AM,,1,1936,2385,,,2,3,,Tropical_Forest,Tree Stand,23.33,N,113.50,E,,,,,,,,,,fig. 3,,,,"bulk density estimated from final soil C contents (text, page 733 and fig. 3)","SD values reported in fig. 3, but it's not possible to match each SD value with corresponding average"
,,,,,,,,,,,,,,,,,,,,,,,,,,,,,,,,,,,,,,,
SCBG_trop_forest-AM_Nlow,China OTC - low N,Liu et al. 2010,,0-20 cm,Aug. 2006,OTC,disturbed,Nlow,AM,,1.33,2319,2218,,,2,3,,Tropical_Forest,Tree Stand,23.33,N,113.50,E,,,,,,,,,,fig. 3,,,,"bulk density estimated from final soil C contents (text, page 733 and fig. 3)","SD values reported in fig. 3, but it's not possible to match each SD value with corresponding average"
,,,,,,,,,,,,,,,,,,,,,,,,,,,,,,,,,,,,,,,
SCBG_trop_forest-AM_Nlow,China OTC - low N,Liu et al. 2010,,0-20 cm,Nov. 2006,OTC,disturbed,Nlow,AM,,1.66,2060,2051,,,2,3,,Tropical_Forest,Tree Stand,23.33,N,113.50,E,,,,,,,,,,fig. 3,,,,"bulk density estimated from final soil C contents (text, page 733 and fig. 3)","SD values reported in fig. 3, but it's not possible to match each SD value with corresponding average"
,,,,,,,,,,,,,,,,,,,,,,,,,,,,,,,,,,,,,,,
SCBG_trop_forest-AM_Nlow,China OTC - low N,Liu et al. 2010,,0-20 cm,Apr. 2007,OTC,disturbed,Nlow,AM,,2,2431,2301,,,2,3,,Tropical_Forest,Tree Stand,23.33,N,113.50,E,,,,,,,,,,fig. 3,,,,"bulk density estimated from final soil C contents (text, page 733 and fig. 3)","SD values reported in fig. 3, but it's not possible to match each SD value with corresponding average"
,,,,,,,,,,,,,,,,,,,,,,,,,,,,,,,,,,,,,,,
SCBG_trop_forest-AM_Nlow,China OTC - low N,Liu et al. 2010,,0-20 cm,Aug. 2007,OTC,disturbed,Nlow,AM,,2.33,2263,2361,,,2,3,,Tropical_Forest,Tree Stand,23.33,N,113.50,E,,,,,,,,,,fig. 3,,,,"bulk density estimated from final soil C contents (text, page 733 and fig. 3)","SD values reported in fig. 3, but it's not possible to match each SD value with corresponding average"
,,,,,,,,,,,,,,,,,,,,,,,,,,,,,,,,,,,,,,,
SCBG_trop_forest-AM_Nlow,China OTC - low N,Liu et al. 2010,,0-20 cm,Nov. 2007,OTC,disturbed,Nlow,AM,,2.66,2116,2158,,,2,3,,Tropical_Forest,Tree Stand,23.33,N,113.50,E,,,,,,,,,,fig. 3,,,,"bulk density estimated from final soil C contents (text, page 733 and fig. 3)","SD values reported in fig. 3, but it's not possible to match each SD value with corresponding average"
,,,,,,,,,,,,,,,,,,,,,,,,,,,,,,,,,,,,,,,
SCBG_trop_forest-AM_Nlow,China OTC - low N,Liu et al. 2010,,0-20 cm,Apr. 2008,OTC,disturbed,Nlow,AM,,3,3625,3315,,,2,3,,Tropical_Forest,Tree Stand,23.33,N,113.50,E,,,,,,,,,,fig. 3,,,,"bulk density estimated from final soil C contents (text, page 733 and fig. 3)","SD values reported in fig. 3, but it's not possible to match each SD value with corresponding average"
,,,,,,,,,,,,,,,,,,,,,,,,,,,,,,,,,,,,,,,
SCBG_trop_forest-AM_Nlow,China OTC - low N,Liu et al. 2010,,0-20 cm,Aug. 2008,OTC,disturbed,Nlow,AM,,3.33,3253,3279,,,2,3,,Tropical_Forest,Tree Stand,23.33,N,113.50,E,,,,,,,,,,fig. 3,,,,"bulk density estimated from final soil C contents (text, page 733 and fig. 3)","SD values reported in fig. 3, but it's not possible to match each SD value with corresponding average"
,,,,,,,,,,,,,,,,,,,,,,,,,,,,,,,,,,,,,,,
SCBG_trop_forest-AM_Nlow,China OTC - low N,Liu et al. 2010,,0-20 cm,Nov. 2008,OTC,disturbed,Nlow,AM,,3.66,3287,3410,,,2,3,,Tropical_Forest,Tree Stand,23.33,N,113.50,E,,,,,,,,,,fig. 3,,,,"bulk density estimated from final soil C contents (text, page 733 and fig. 3)","SD values reported in fig. 3, but it's not possible to match each SD value with corresponding average"
,,,,,,,,,,,,,,,,,,,,,,,,,,,,,,,,,,,,,,,
SCBG_trop_forest-AM_Nlow,China OTC - low N,"Zhang et al. 2015 (soil), Chen et. al., 2012 (plant)",modeled subtropical forest,0-10cm,April 2005,OTC,disturbed,Nlow,AM,,5,23.443,28.048,3.792,4.517,2,3,-0.01344891867,Tropical_Forest,Tree Stand,23.33,N,113.50,E,aboveground,,,,,,,,,soil: Fig. 1; plant: Fig. 3,SE,,700 μmol mol-1,,soil (mg g-1); total plant: above + belowground biomass (kg m-2)
,,,,,,,,,,,,,,,,,,,,,,,,,,,,,,,,,,,,,,,
SCBG_trop_forest-AM_Nhigh,China OTC - high N,Liu et al. 2010,,0-20 cm,Jul. 2005,OTC,disturbed,Nhigh,AM,,0.33,1201,1198,,,2,3,,Tropical_Forest,Tree Stand,23.33,N,113.50,E,,,,,,,,,,fig. 3,,,,"bulk density estimated from final soil C contents (text, page 733 and fig. 3)","SD values reported in fig. 3, but it's not possible to match each SD value with corresponding average"
,,,,,,,,,,,,,,,,,,,,,,,,,,,,,,,,,,,,,,,
SCBG_trop_forest-AM_Nhigh,China OTC - high N,Liu et al. 2010,,0-20 cm,Nov. 2005,OTC,disturbed,Nhigh,AM,,0.67,922,1409,,,2,3,,Tropical_Forest,Tree Stand,23.33,N,113.50,E,,,,,,,,,,fig. 3,,,,"bulk density estimated from final soil C contents (text, page 733 and fig. 3)","SD values reported in fig. 3, but it's not possible to match each SD value with corresponding average"
,,,,,,,,,,,,,,,,,,,,,,,,,,,,,,,,,,,,,,,
SCBG_trop_forest-AM_Nhigh,China OTC - high N,Liu et al. 2010,,0-20 cm,Apr. 2006,OTC,disturbed,Nhigh,AM,,1,1930,2373,,,2,3,,Tropical_Forest,Tree Stand,23.33,N,113.50,E,,,,,,,,,,fig. 3,,,,"bulk density estimated from final soil C contents (text, page 733 and fig. 3)","SD values reported in fig. 3, but it's not possible to match each SD value with corresponding average"
,,,,,,,,,,,,,,,,,,,,,,,,,,,,,,,,,,,,,,,
SCBG_trop_forest-AM_Nhigh,China OTC - high N,Liu et al. 2010,,0-20 cm,Aug. 2006,OTC,disturbed,Nhigh,AM,,1.33,1951,2514,,,2,3,,Tropical_Forest,Tree Stand,23.33,N,113.50,E,,,,,,,,,,fig. 3,,,,"bulk density estimated from final soil C contents (text, page 733 and fig. 3)","SD values reported in fig. 3, but it's not possible to match each SD value with corresponding average"
,,,,,,,,,,,,,,,,,,,,,,,,,,,,,,,,,,,,,,,
SCBG_trop_forest-AM_Nhigh,China OTC - high N,Liu et al. 2010,,0-20 cm,Nov. 2006,OTC,disturbed,Nhigh,AM,,1.66,1587,3054,,,2,3,,Tropical_Forest,Tree Stand,23.33,N,113.50,E,,,,,,,,,,fig. 3,,,,"bulk density estimated from final soil C contents (text, page 733 and fig. 3)","SD values reported in fig. 3, but it's not possible to match each SD value with corresponding average"
,,,,,,,,,,,,,,,,,,,,,,,,,,,,,,,,,,,,,,,
SCBG_trop_forest-AM_Nhigh,China OTC - high N,Liu et al. 2010,,0-20 cm,Apr. 2007,OTC,disturbed,Nhigh,AM,,2,2015,3030,,,2,3,,Tropical_Forest,Tree Stand,23.33,N,113.50,E,,,,,,,,,,fig. 3,,,,"bulk density estimated from final soil C contents (text, page 733 and fig. 3)","SD values reported in fig. 3, but it's not possible to match each SD value with corresponding average"
,,,,,,,,,,,,,,,,,,,,,,,,,,,,,,,,,,,,,,,
SCBG_trop_forest-AM_Nhigh,China OTC - high N,Liu et al. 2010,,0-20 cm,Aug. 2007,OTC,disturbed,Nhigh,AM,,2.33,2273,2725,,,2,3,,Tropical_Forest,Tree Stand,23.33,N,113.50,E,,,,,,,,,,fig. 3,,,,"bulk density estimated from final soil C contents (text, page 733 and fig. 3)","SD values reported in fig. 3, but it's not possible to match each SD value with corresponding average"
,,,,,,,,,,,,,,,,,,,,,,,,,,,,,,,,,,,,,,,
SCBG_trop_forest-AM_Nhigh,China OTC - high N,Liu et al. 2010,,0-20 cm,Nov. 2007,OTC,disturbed,Nhigh,AM,,2.66,2187,2702,,,2,3,,Tropical_Forest,Tree Stand,23.33,N,113.50,E,,,,,,,,,,fig. 3,,,,"bulk density estimated from final soil C contents (text, page 733 and fig. 3)","SD values reported in fig. 3, but it's not possible to match each SD value with corresponding average"
,,,,,,,,,,,,,,,,,,,,,,,,,,,,,,,,,,,,,,,
SCBG_trop_forest-AM_Nhigh,China OTC - high N,Liu et al. 2010,,0-20 cm,Apr. 2008,OTC,disturbed,Nhigh,AM,,3,3602,3947,,,2,3,,Tropical_Forest,Tree Stand,23.33,N,113.50,E,,,,,,,,,,fig. 3,,,,"bulk density estimated from final soil C contents (text, page 733 and fig. 3)","SD values reported in fig. 3, but it's not possible to match each SD value with corresponding average"
,,,,,,,,,,,,,,,,,,,,,,,,,,,,,,,,,,,,,,,
SCBG_trop_forest-AM_Nhigh,China OTC - high N,Liu et al. 2010,,0-20 cm,Aug. 2008,OTC,disturbed,Nhigh,AM,,3.33,3581,4170,,,2,3,,Tropical_Forest,Tree Stand,23.33,N,113.50,E,,,,,,,,,,fig. 3,,,,"bulk density estimated from final soil C contents (text, page 733 and fig. 3)","SD values reported in fig. 3, but it's not possible to match each SD value with corresponding average"
,,,,,,,,,,,,,,,,,,,,,,,,,,,,,,,,,,,,,,,
SCBG_trop_forest-AM_Nhigh,China OTC - high N,Liu et al. 2010,,0-20 cm,Nov. 2008,OTC,disturbed,Nhigh,AM,,3.66,3645,4158,,,2,3,,Tropical_Forest,Tree Stand,23.33,N,113.50,E,,,,,,,,,,fig. 3,,,,"bulk density estimated from final soil C contents (text, page 733 and fig. 3)","SD values reported in fig. 3, but it's not possible to match each SD value with corresponding average"
,,,,,,,,,,,,,,,,,,,,,,,,,,,,,,,,,,,,,,,
SCBG_trop_forest-AM_Nhigh,China OTC - high N,"Zhang et al. 2015 (soil), Chen et. al., 2012 (plant)",modeled subtropical forest,0-10cm,April 2005,OTC,disturbed,Nhigh,AM,,5,26.571,28.833,5.675,3.385,2,3,0.18483613,Tropical_Forest,Tree Stand,23.33,N,113.50,E,aboveground,,,,,,,,,soil: Fig. 1; plant: Fig. 3,SE,,700 μmol mol-1,,soil (mg g-1); total plant: above + belowground biomass (kg m-2)
,,,,,,,,,,,,,,,,,,,,,,,,,,,,,,,,,,,,,,,
,DUKE FACE,Lichter et al. 2008,,0-15 cm,Aug. 1996,FACE,intact,Nlow,ECM,,0,1977,2142,18,94,3,3,,,,,,,,,,,,,,,,,tab. 3,se,,,,
,,,,,,,,,,,,,,,,,,,,,,,,,,,,,,,,,,,,,,,
,DUKE FACE,Lichter et al. 2008,,0-15 cm,Oct. 1999,FACE,intact,Nlow,ECM,,3.17,1902,2208,52,136,3,3,,,,,,,,,,,,,,,,,tab. 3,se,,,,
,,,,,,,,,,,,,,,,,,,,,,,,,,,,,,,,,,,,,,,
,DUKE FACE,Lichter et al. 2008,,0-15 cm,Aug. 2002,FACE,intact,Nlow,ECM,,6,2407,2734,141,96,3,3,,,,,,,,,,,,,,,,,tab. 3,se,,,,
,,,,,,,,,,,,,,,,,,,,,,,,,,,,,,,,,,,,,,,
DUKE_PITA-ECM_Nlow,DUKE FACE,Lichter et al. 2008,,0-15 cm,Aug. 2006,FACE,intact,Nlow,ECM,,9,2164,2096,152,175,3,3,0.1896534732,Temperate_Forest,Tree Stand,35.98,N,79.10,W,,,,,,,,,,tab. 3,se,,,,
,,,,,,,,,,,,,,,,,,,,,,,,,,,,,,,,,,,,,,,
,FACTS II - Aspen,Talhelm et al. 2009,,0-20 cm,2001,,,Nlow,ECM,,4,3575,3562,241.79,666.6,3,3,,,,,,,,,,,,,,,,,pers. comm.,se,,,,
,,,,,,,,,,,,,,,,,,,,,,,,,,,,,,,,,,,,,,,
,FACTS II - Aspen,Talhelm et al. 2009,,0-20 cm,2003,,,Nlow,ECM,,6,3625,4435,229.99,188.22,3,3,,,,,,,,,,,,,,,,,pers. comm.,se,,,,
,,,,,,,,,,,,,,,,,,,,,,,,,,,,,,,,,,,,,,,
,FACTS II - Aspen,Talhelm et al. 2009,,0-20 cm,2004,,,Nlow,ECM,,7,3235,3243,283.03,248.96,3,3,,,,,,,,,,,,,,,,,pers. comm.,se,,,,
,,,,,,,,,,,,,,,,,,,,,,,,,,,,,,,,,,,,,,,
,FACTS II - Aspen,Talhelm et al. 2009,,0-20 cm,2005,,,Nlow,ECM,,8,3741,3506,144.36,525.37,3,3,,,,,,,,,,,,,,,,,pers. comm.,se,,,,
,,,,,,,,,,,,,,,,,,,,,,,,,,,,,,,,,,,,,,,
,FACTS II - Aspen,Talhelm et al. 2009,,0-20 cm,2006,,,Nlow,ECM,,9,4243,3841,274.19,637.45,3,3,,,,,,,,,,,,,,,,,pers. comm.,se,,,,
,,,,,,,,,,,,,,,,,,,,,,,,,,,,,,,,,,,,,,,
,FACTS II - Aspen,Talhelm et al. 2009,,0-20 cm,2007,,,Nlow,ECM,,10,4374,3760,164.63,469.34,3,3,,,,,,,,,,,,,,,,,pers. comm.,se,,,,
,,,,,,,,,,,,,,,,,,,,,,,,,,,,,,,,,,,,,,,
,FACTS II - Aspen,Talhelm et al. 2009,,0-20 cm,2008,,,Nlow,ECM,,11,5119,3267,1124.86,74.67,3,3,,,,,,,,,,,,,,,,,pers. comm.,se,,,,
,,,,,,,,,,,,,,,,,,,,,,,,,,,,,,,,,,,,,,,
Aspen_A-ECM_Nlow,FACTS II - Aspen,Talhelm et al. 2014,,0-20 cm,2009,FACE,intact,Nlow,ECM,"more data in Talhelm 2014, but had to aggregate values for 0-10cm and 10-20cm",11,3318.6,2894,393.72,50.54,3,3,0.2960308576,Temperate_Forest,Tree Stand,45.67,N,89.63,W,,,,,,,,,,Table S2,se,,,sum of SE = sqrt(SE1^2 + SE2^2),
,,,,,,,,,,,,,,,,,,,,,,,,,,,,,,,,,,,,,,,
,FACTS II - Aspen/Birch,Talhelm et al. 2009,,0-20 cm,2001,,,Nlow,ECM,,4,3256,3817,283.37,496.63,3,3,,,,,,,,,,,,,,,,,pers. comm.,se,,,,
,,,,,,,,,,,,,,,,,,,,,,,,,,,,,,,,,,,,,,,
,FACTS II - Aspen/Birch,Talhelm et al. 2009,,0-20 cm,2003,,,Nlow,ECM,,6,3347,3274,181.02,99,3,3,,,,,,,,,,,,,,,,,pers. comm.,se,,,,
,,,,,,,,,,,,,,,,,,,,,,,,,,,,,,,,,,,,,,,
,FACTS II - Aspen/Birch,Talhelm et al. 2009,,0-20 cm,2004,,,Nlow,ECM,,7,3408,3457,76.91,286.05,3,3,,,,,,,,,,,,,,,,,pers. comm.,se,,,,
,,,,,,,,,,,,,,,,,,,,,,,,,,,,,,,,,,,,,,,
,FACTS II - Aspen/Birch,Talhelm et al. 2009,,0-20 cm,2005,,,Nlow,ECM,,8,3653,3436,291.24,208.02,3,3,,,,,,,,,,,,,,,,,pers. comm.,se,,,,
,,,,,,,,,,,,,,,,,,,,,,,,,,,,,,,,,,,,,,,
,FACTS II - Aspen/Birch,Talhelm et al. 2009,,0-20 cm,2006,,,Nlow,ECM,,9,4433,4196,1077.46,170.2,3,3,,,,,,,,,,,,,,,,,pers. comm.,se,,,,
,,,,,,,,,,,,,,,,,,,,,,,,,,,,,,,,,,,,,,,
,FACTS II - Aspen/Birch,Talhelm et al. 2009,,0-20 cm,2007,,,Nlow,ECM,,10,4125,3832,837.96,624.94,3,3,,,,,,,,,,,,,,,,,pers. comm.,se,,,,
,,,,,,,,,,,,,,,,,,,,,,,,,,,,,,,,,,,,,,,
,FACTS II - Aspen/Birch,Talhelm et al. 2009,,0-20 cm,2008,,,Nlow,ECM,,11,3484,3946,261.76,984.48,3,3,,,,,,,,,,,,,,,,,pers. comm.,se,,,,
,,,,,,,,,,,,,,,,,,,,,,,,,,,,,,,,,,,,,,,
Aspen_AB-ECM_Nlow,FACTS II - Aspen/Birch,Talhelm et al. 2014,,0-20 cm,2009,FACE,intact,Nlow,ECM,"more data in Talhelm 2014, but had to aggregate values for 0-10cm and 10-20cm",11,3035.6,2776.7,184.52,227.85,3,3,0.4213936274,Temperate_Forest,Tree Stand,45.67,N,89.63,W,,,,,,,,,,Table S2,se,,,sum of SE = sqrt(SE1^2 + SE2^2),
,,,,,,,,,,,,,,,,,,,,,,,,,,,,,,,,,,,,,,,
,GiFACE,Lenhart et al. 2016,,0-11.3 cm,1998,FACE,intact,Nlow,AM,,0,4155,4215,1372,1040,3,3,,,,,,,,,,,,,,,,,Table 1,sd,,,assumed bulk density: 1.0 g/cm3,
,,,,,,,,,,,,,,,,,,,,,,,,,,,,,,,,,,,,,,,
,GiFACE,Lenhart et al. 2016,,0-11.3 cm,2004,FACE,intact,Nlow,AM,,6,3620,3500,1315,659,3,3,,,,,,,,,,,,,,,,,Table 1,sd,,,assumed bulk density: 1.0 g/cm3,
,,,,,,,,,,,,,,,,,,,,,,,,,,,,,,,,,,,,,,,
,GiFACE,Lenhart et al. 2016,,0-11.3 cm,2007,FACE,intact,Nlow,AM,,9,3670,3690,1356,1014,3,3,,,,,,,,,,,,,,,,,Table 1,sd,,,assumed bulk density: 1.0 g/cm3,
,,,,,,,,,,,,,,,,,,,,,,,,,,,,,,,,,,,,,,,
,GiFACE,Brenzinger K et all 2017,Arrhenatheretum elatioris Br. Bl. Filipendula ulmaria,0–7.5 cm,2012,FACE,intact,Nhigh,AM,no biomass,1,4.49,4.61,0.64,0.68,3,3,,,,,,,,,,,,,,,,,Table 1,SE,390 ppm,422 ppm,mean %,
,,,,,,,,,,,,,,,,,,,,,,,,,,,,,,,,,,,,,,,
GiFACE_grassland-AM_Nlow,GiFACE,Keidel et al. 2018,,0-15 cm,2013,FACE,intact,Nlow,AM,,13.5,3513,3302,586,57,3,3,0.09071741555,Grassland,Grassland,50.53,N,8.68,E,,,,,,,,,,Fig. 4,se,,,assumed bulk density: 1.0 g/cm3,
,,,,,,,,,,,,,,,,,,,,,,,,,,,,,,,,,,,,,,,
,Hohenheim,Marhan et al. 2010,,0-10 cm,Mar. 2004,FACE,disturbed,Nhigh,AM,,2,1725,1767,20,46,5,5,,,,,,,,,,,,,,,,,tab. 2,se,,,,
,,,,,,,,,,,,,,,,,,,,,,,,,,,,,,,,,,,,,,,
,Hohenheim,Marhan et al. 2010,,0-10 cm,Oct. 2004,FACE,disturbed,Nhigh,AM,,2.5,1707,1641,34,39,5,5,,,,,,,,,,,,,,,,,tab. 2,se,,,,
,,,,,,,,,,,,,,,,,,,,,,,,,,,,,,,,,,,,,,,
,Hohenheim,Marhan et al. 2010,,0-10 cm,Mar. 2005,FACE,disturbed,Nhigh,AM,,3,1805,1744,62,26,5,5,,,,,,,,,,,,,,,,,tab. 2,se,,,,
,,,,,,,,,,,,,,,,,,,,,,,,,,,,,,,,,,,,,,,
,Hohenheim,Marhan et al. 2010,,0-10 cm,Oct. 2005,FACE,disturbed,Nhigh,AM,,3.5,1567,1588,63,19,5,5,,,,,,,,,,,,,,,,,tab. 2,se,,,,
,,,,,,,,,,,,,,,,,,,,,,,,,,,,,,,,,,,,,,,
,Hohenheim,Marhan et al. 2010,,0-10 cm,Mar. 2006,FACE,disturbed,Nhigh,AM,,4,1680,1717,23,23,5,5,,,,,,,,,,,,,,,,,tab. 2,se,,,,
,,,,,,,,,,,,,,,,,,,,,,,,,,,,,,,,,,,,,,,
Hohenheim_weath-AM_Nhigh,Hohenheim,Marhan et al. 2010,,0-10 cm,Oct. 2006,FACE,disturbed,Nhigh,AM,,4.5,1721,1763,25,12,5,5,0.09809397375,Cropland,Agricultural,48.7,N,9.18,E,,,,,,,,,,tab. 2,se,,,,
,,,,,,,,,,,,,,,,,,,,,,,,,,,,,,,,,,,,,,,
,Jasper Ridge - sandstone,Hungate et al. 1997,,0-15 cm,Jan. 1992,OTC,intact,Nlow,AM,,0,2646,2646,,,10,10,,,,,,,,,,,,,,,,,"fig. 1, pers. comm.",,,,,
,,,,,,,,,,,,,,,,,,,,,,,,,,,,,,,,,,,,,,,
,Jasper Ridge - sandstone,Hungate et al. 1997,,0-15 cm,May-93,OTC,intact,Nlow,AM,,1.41,2646,2354,393.9,358.1,10,10,,,,,,,,,,,,,,,,,"fig. 1, pers. comm.",sd,,,,
,,,,,,,,,,,,,,,,,,,,,,,,,,,,,,,,,,,,,,,
,Jasper Ridge - sandstone,Hungate et al. 1997,,0-15 cm,May-94,OTC,intact,Nlow,AM,,2.41,2252,2339,334.2,322.3,10,10,,,,,,,,,,,,,,,,,"fig. 1, pers. comm.",sd,,,,
,,,,,,,,,,,,,,,,,,,,,,,,,,,,,,,,,,,,,,,
,Jasper Ridge - sandstone,Hungate et al. 1997,,0-15 cm,May-95,OTC,intact,Nlow,AM,,3.41,2315,2315,346.2,346.2,10,10,,,,,,,,,,,,,,,,,"fig. 1, pers. comm.",sd,,,,
,,,,,,,,,,,,,,,,,,,,,,,,,,,,,,,,,,,,,,,
,Jasper Ridge - sandstone,Hungate et al. 1997,,0-15 cm,May-96,OTC,intact,Nlow,AM,,4.41,2497,2486,,,10,10,,,,,,,,,,,,,,,,,"fig. 1, pers. comm.",,,,,
,,,,,,,,,,,,,,,,,,,,,,,,,,,,,,,,,,,,,,,
Jasper_OTC3_sandstone grassland-AM_Nlow,Jasper Ridge - sandstone,Hungate et al. 1997,,0-15 cm,May-97,OTC,intact,Nlow,AM,,5.41,2612,2750,,,10,10,0.07192345589,Grassland,Grassland,37.4,N,122.21,W,,,,,,,,,,"fig. 1, pers. comm.",,,,,
,,,,,,,,,,,,,,,,,,,,,,,,,,,,,,,,,,,,,,,
Jasper_OTC3_serpentine grassland-AM_Nlow,Jasper Ridge - serpentine,Hungate et al. 1997,,0-15 cm,,OTC,intact,Nlow,AM,,2.5,1.266,1.331,0.216,0.216,10,10,0.06876268,Grassland,Grassland,37.4,N,122.21,W,,,,,,,,,,"fig. 1, pers. comm.",SD,,,,
,,,,,,,,,,,,,,,,,,,,,,,,,,,,,,,,,,,,,,,
,JRGCE - Control,Hungate et al. unpublished,,0-15 cm,2000,FACE,intact,Nlow,AM,SE/SD?,2,2384,2344,,,6,6,,,,,,,,,,,,,,,,,pers. comm.,,,,,
,,,,,,,,,,,,,,,,,,,,,,,,,,,,,,,,,,,,,,,
,JRGCE - Control,Hungate et al. unpublished,,0-15 cm,2006,FACE,intact,Nlow,AM,SE/SD?,8,2428,2173,,,6,6,,,,,,,,,,,,,,,,,pers. comm.,,,,,
,,,,,,,,,,,,,,,,,,,,,,,,,,,,,,,,,,,,,,,
Jasper_FACE_Cali_grassland-AM_Nlow,JRGCE - Control,"JasperCsoil.R pers.comm, more years available",,0-15 cm,2012,FACE,intact,Nlow,AM,,14,1893.75,2144.713,56.82143,84.21927,6,6,-0.02477074171,Grassland,Grassland,37.4,N,122.24,W,,,,,,,,,,pers. comm.,,,,,
,,,,,,,,,,,,,,,,,,,,,,,,,,,,,,,,,,,,,,,
,JRGCE - N,Hungate et al. unpublished,,0-15 cm,2000,FACE,intact,Nhigh,AM,SE/SD?,2,2248,2381,,,6,6,,,,,,,,,,,,,,,,,pers. comm.,,,,,
,,,,,,,,,,,,,,,,,,,,,,,,,,,,,,,,,,,,,,,
,JRGCE - N,Hungate et al. unpublished,,0-15 cm,2006,FACE,intact,Nhigh,AM,SE/SD?,8,2552,2329,,,6,6,,,,,,,,,,,,,,,,,pers. comm.,,,,,
,,,,,,,,,,,,,,,,,,,,,,,,,,,,,,,,,,,,,,,
Jasper_FACE_Cali_grassland-AM_Nhigh,JRGCE - N,JasperCsoil.R pers.comm; more years available,,0-15 cm,2012,FACE,intact,Nhigh,AM,,14,2175.075,2251.713,79.74795,125.69286,6,6,0.04563714059,Grassland,Grassland,37.4,N,122.24,W,,,,,,,,,,pers. comm.,,,,,
,,,,,,,,,,,,,,,,,,,,,,,,,,,,,,,,,,,,,,,
,Merritt Island,Hungate et al. 2013,subtropical oak woodland,60-100 cm,May 1996,OTC,intact,Nlow,ECM,,11,5513.1,5025.6,411.5,647.4,8,8,0.5129051254,Temperate_Forest,Tree Stand,28.572123,N,80.92,W,,3511.2,4304.3,102,221.3,,,,,Table 1,SE,,ambient + 350 ppm,,g C m-2
,,,,,,,,,,,,,,,,,,,,,,,,,,,,,,,,,,,,,,,
,Merritt Island,Hungate unpublished,,0-10 cm,Dec. 1996,FACE,intact,Nlow,ECM,,0.62,1209,1335,453,526,8,8,,,,,,,,,,,,,,,,,pers. comm.,sd,,,,
,,,,,,,,,,,,,,,,,,,,,,,,,,,,,,,,,,,,,,,
,Merritt Island,Hungate unpublished,,0-10 cm,Jun. 1998,FACE,intact,Nlow,ECM,,2.09,1131,1220,193,281,8,8,,,,,,,,,,,,,,,,,pers. comm.,sd,,,,
,,,,,,,,,,,,,,,,,,,,,,,,,,,,,,,,,,,,,,,
,Merritt Island,Hungate unpublished,,0-10 cm,Jul. 1998,FACE,intact,Nlow,ECM,,2.17,1264,1292,176,175,8,8,,,,,,,,,,,,,,,,,pers. comm.,sd,,,,
,,,,,,,,,,,,,,,,,,,,,,,,,,,,,,,,,,,,,,,
,Merritt Island,Hungate unpublished,,0-10 cm,Aug. 1998,FACE,intact,Nlow,ECM,,2.31,1356,1281,312,120,8,8,,,,,,,,,,,,,,,,,pers. comm.,sd,,,,
,,,,,,,,,,,,,,,,,,,,,,,,,,,,,,,,,,,,,,,
,Merritt Island,Carney et al. 2007,,0-10 cm,Nov. 1998,,,Nlow,ECM,,2.55,1734,1567,130,387,8,8,,,,,,,,,,,,,,,,,"fig. 1, pers. comm.",sd,,,,
,,,,,,,,,,,,,,,,,,,,,,,,,,,,,,,,,,,,,,,
,Merritt Island,Carney et al. 2007,,0-10 cm,sept. 1999,,,Nlow,ECM,,3.36,1782,1712,490,282,8,8,,,,,,,,,,,,,,,,,"fig. 1, pers. comm.",sd,,,,
,,,,,,,,,,,,,,,,,,,,,,,,,,,,,,,,,,,,,,,
,Merritt Island,Carney et al. 2007,,0-10 cm,Mar. 2001,,,Nlow,ECM,,4.87,2191,1941,934,306,8,8,,,,,,,,,,,,,,,,,"fig. 1, pers. comm.",sd,,,,
,,,,,,,,,,,,,,,,,,,,,,,,,,,,,,,,,,,,,,,
,Merritt Island,Carney et al. 2007,,0-10 cm,May-02,,,Nlow,ECM,,6,2099,1741,433,620,8,8,,,,,,,,,,,,,,,,,"fig. 1, pers. comm.",sd,,,,
,,,,,,,,,,,,,,,,,,,,,,,,,,,,,,,,,,,,,,,
,Merritt Island,Langley et al. 2009,,0-10 cm,May-02,OTC,intact,Nlow,ECM,SE/SD?,6,1999,1628,,,8,8,,,,,,,,,,,,,,,,,pers. comm.,,,,,
,,,,,,,,,,,,,,,,,,,,,,,,,,,,,,,,,,,,,,,
Merrit_Island_Oak-ECM_Nlow,Merritt Island,McKinley et al. unpublished,,0-10 cm,May-07,OTC,intact,Nlow,ECM,,11,1512,1411,362,333,8,8,0.5129051254,Temperate_Forest,Tree Stand,28.572123,N,80.92,W,,,,,,,,,,pers. comm.,sd,,,,
,,,,,,,,,,,,,,,,,,,,,,,,,,,,,,,,,,,,,,,
,NewZealandFACE,Ross et al. 2004,,0-5 cm,may/oct. 1997,FACE,intact,Nlow,AM,,0,2685,2465,92,113,3,3,,,,,,,,,,,,,,,,,pers. Comm.,se,,,assumed bulk density: 1.0 g/cm3,
,,,,,,,,,,,,,,,,,,,,,,,,,,,,,,,,,,,,,,,
,NewZealandFACE,Ross et al. 2004,,0-5 cm,may/oct. 1998,FACE,intact,Nlow,AM,,1,2650,2490,70,95,3,3,,,,,,,,,,,,,,,,,table 1,se,,,assumed bulk density: 1.0 g/cm3,
,,,,,,,,,,,,,,,,,,,,,,,,,,,,,,,,,,,,,,,
,NewZealandFACE,Ross et al. 2004,,0-5 cm,may/oct. 1999,FACE,intact,Nlow,AM,,2,2655,2525,85,105,3,3,,,,,,,,,,,,,,,,,table 1,se,,,assumed bulk density: 1.0 g/cm3,
,,,,,,,,,,,,,,,,,,,,,,,,,,,,,,,,,,,,,,,
,NewZealandFACE,Ross et al. 2004,,0-5 cm,may/oct. 2000,FACE,intact,Nlow,AM,,3,2675,2565,105,140,3,3,,,,,,,,,,,,,,,,,table 1,se,,,assumed bulk density: 1.0 g/cm3,
,,,,,,,,,,,,,,,,,,,,,,,,,,,,,,,,,,,,,,,
,NewZealandFACE,Ross et al. 2004,,0-5 cm,may/oct. 2001,FACE,intact,Nlow,AM,,4,2515,2445,70,105,3,3,,,,,,,,,,,,,,,,,table 1,se,,,assumed bulk density: 1.0 g/cm3,
,,,,,,,,,,,,,,,,,,,,,,,,,,,,,,,,,,,,,,,
,NewZealandFACE,Ross et al. 2004,,0-5 cm,may/oct. 2002,FACE,intact,Nlow,AM,,5,2585,2490,85,95,3,3,,,,,,,,,,,,,,,,,table 1,se,,,assumed bulk density: 1.0 g/cm3,
,,,,,,,,,,,,,,,,,,,,,,,,,,,,,,,,,,,,,,,
,NewZealandFACE,Ross et al. 2013,,0-5 cm,may/oct. 2003,FACE,intact,Nlow,AM,,6,2519,2510,86,109,3,3,,,,,,,,,,,,,,,,,fig. 3,se,,,assumed bulk density: 1.0 g/cm3,
,,,,,,,,,,,,,,,,,,,,,,,,,,,,,,,,,,,,,,,
,NewZealandFACE,Ross et al. 2013,,0-5 cm,may/oct. 2004,FACE,intact,Nlow,AM,,7,2599,2534,94,86,3,3,,,,,,,,,,,,,,,,,fig. 3,se,,,assumed bulk density: 1.0 g/cm3,
,,,,,,,,,,,,,,,,,,,,,,,,,,,,,,,,,,,,,,,
,NewZealandFACE,Ross et al. 2013,,0-5 cm,may/oct. 2005,FACE,intact,Nlow,AM,,8,2659,2659,102,102,3,3,,,,,,,,,,,,,,,,,fig. 3,se,,,assumed bulk density: 1.0 g/cm3,
,,,,,,,,,,,,,,,,,,,,,,,,,,,,,,,,,,,,,,,
,NewZealandFACE,Ross et al. 2013,,0-5 cm,may/oct. 2006,FACE,intact,Nlow,AM,,9,2657,2722,177,125,3,3,,,,,,,,,,,,,,,,,fig. 3,se,,,assumed bulk density: 1.0 g/cm3,
,,,,,,,,,,,,,,,,,,,,,,,,,,,,,,,,,,,,,,,
,NewZealandFACE,Ross et al. 2013,,0-5 cm,may/oct. 2007,FACE,intact,Nlow,AM,"values were initially larger in amb than elev, so would be interesting to normalize them, and the final CO2 effect would be larger",10,2722,2822,121,167,3,3,,,,,,,,,,,,,,,,,fig. 3,se,,,assumed bulk density: 1.0 g/cm3,
,,,,,,,,,,,,,,,,,,,,,,,,,,,,,,,,,,,,,,,
NZ_pasture-AM_Nlow,NewZealandFACE,Deng et al. 2016,,,,FACE,intact,Nlow,AM,,13,4.433,5.039,0.157,0.18,4,4,0.04918424,Grassland,Grassland,-40.23,S,175.27,E,ANPP,,,,,26.8,35.112,3.319,3.516,"soil: Fig. 3, plant: Fig. 1",SE,366 μL L−1,475 μL L−1,,"soil: TC %, aboveground biomass: g m-2"
,,,,,,,,,,,,,,,,,,,,,,,,,,,,,,,,,,,,,,,
,New Zealand Greenhouse,Ross et al. 1995,,0-5 cm,-,Chamber,disturbed,Nlow,AM,,0,2112.2,2122.4,,,1,1,,,,,,,,,,,,,,,,,fig. 2,,,,assumed bulk density: 1.0 g/cm3,
,,,,,,,,,,,,,,,,,,,,,,,,,,,,,,,,,,,,,,,
,New Zealand Greenhouse,Ross et al. 1995,,0-5 cm,-,Chamber,disturbed,Nlow,AM,,0.25,2122.4,2142.9,,,1,1,,,,,,,,,,,,,,,,,fig. 2,,,,assumed bulk density: 1.0 g/cm3,
,,,,,,,,,,,,,,,,,,,,,,,,,,,,,,,,,,,,,,,
,New Zealand Greenhouse,Ross et al. 1995,,0-5 cm,-,Chamber,disturbed,Nlow,AM,,0.5,1969.4,1979.6,,,1,1,,,,,,,,,,,,,,,,,fig. 2,,,,assumed bulk density: 1.0 g/cm3,
,,,,,,,,,,,,,,,,,,,,,,,,,,,,,,,,,,,,,,,
,New Zealand Greenhouse,Ross et al. 1995,,0-5 cm,-,Chamber,disturbed,Nlow,AM,,0.75,1969.4,2000,,,1,1,0.07076907089,Grassland,Grassland,-40.23,S,175.27,E,yield,,,,,,,,,fig. 2/Table 1,,,,assumed bulk density: 1.0 g/cm3,
,,,,,,,,,,,,,,,,,,,,,,,,,,,,,,,,,,,,,,,
,New Zealand OTC - P. radiata,Ross et al. 2006,,0-10 cm,apr.1994,OTC,intact,Nhigh,ECM,,0,100,100,10,10,2,2,,,,,,,,,,,,,,,,,text,se,,,assumed bulk density: 1.0 g/cm3,
,,,,,,,,,,,,,,,,,,,,,,,,,,,,,,,,,,,,,,,
,New Zealand OTC - P. radiata,Ross et al. 2006,,0-10 cm,Mar. 2000,OTC,intact,Nhigh,ECM,,6,412,530,103.9,155.84,2,2,0.002063984221,Temperate_Forest,Tree Stand,-43.53,S,172.70,E,foliage,,,,,484,485,1,3,fig. 2,se,,,assumed bulk density: 1.0 g/cm3,
,,,,,,,,,,,,,,,,,,,,,,,,,,,,,,,,,,,,,,,
,New Zealand OTC - N. fusca,Ross et al. 2006,,0-10 cm,apr.1994,OTC,intact,Nhigh,ECM,,0,100,100,10,10,3,3,,,,,,,,,,,,,,,,,text,se,,,assumed bulk density: 1.0 g/cm3,
,,,,,,,,,,,,,,,,,,,,,,,,,,,,,,,,,,,,,,,
,New Zealand OTC - N. fusca,Ross et al. 2006,,0-10 cm,Mar. 2000,OTC,intact,Nhigh,ECM,,6,2403,3402,194.81,1103.9,3,3,0.002072539602,Temperate_Forest,Tree Stand,-43.53,S,172.70,E,foliage,,,,,482,483,1,2,fig. 2,se,,,assumed bulk density: 1.0 g/cm3,
,,,,,,,,,,,,,,,,,,,,,,,,,,,,,,,,,,,,,,,
,ORNL FACE,Jastrow et al. 2005,,0-15 cm,Oct. 1997,OTC,intact,Nlow,AM,,0,2672,2791,160,110,3,2,,,,,,,,,,,,,,,,,fig. 1b,sd,,,,
,,,,,,,,,,,,,,,,,,,,,,,,,,,,,,,,,,,,,,,
,ORNL FACE,Jastrow et al. 2005,,0-15 cm,Nov. 2000,OTC,intact,Nlow,AM,,2.42,2785,2866,141,267,3,2,,,,,,,,,,,,,,,,,fig. 1b,sd,,,,
,,,,,,,,,,,,,,,,,,,,,,,,,,,,,,,,,,,,,,,
,ORNL FACE,Jastrow et al. 2005,,0-15 cm,Oct. 2002,OTC,intact,Nlow,AM,,4.33,2730,2991,141,231,3,2,,,,,,,,,,,,,,,,,fig. 1b,sd,,,,
,,,,,,,,,,,,,,,,,,,,,,,,,,,,,,,,,,,,,,,
,ORNL FACE,soil: Yu et al. 2018,sweetgum (Liquidambar styraciflua L.),0-5 cm,1998,FACE,intact,Nlow,AM,,10,4.16,5.14,0.498,0.25,6,6,0.2568398488,Temperate_Forest,Tree Stand,35.9,N,84.33,W,,67.201,154.598,11.717,53.33,,,,,Table 1,SE,385-405,528-560,,soil TC %
,,,,,,,,,,,,,,,,,,,,,,,,,,,,,,,,,,,,,,,
ORNL_SG-AM_Nlow,ORNL FACE,Iversen et al. 2012,,0-5 cm,Jun-09,FACE,intact,Nlow,AM,"SE/SD was not included in the dataset, so I have used these values and SE for 0-5cm in different units. CHANGE UNITS AND ADAPT DEPTH",11,30.8,36.8,1,3.7,3,2,0.01460053853,Temperate_Forest,Tree Stand,35.9,N,84.33,W,aboveground,,,,,,,,,tab. 1,se,,,kg m-3,
,,,,,,,,,,,,,,,,,,,,,,,,,,,,,,,,,,,,,,,
,Placerville - low N,Johnson et al. 2006,,0-30 cm,Mar. 1991,OTC,intact,Nlow,ECM,I have  re-extracted values from Fig 4 because previous data seemed not to fit the figure for some reason,0,9210,7885,489,538,3,3,,,,,,,,,,,,,,,,,fig. 4,se,,,,
,,,,,,,,,,,,,,,,,,,,,,,,,,,,,,,,,,,,,,,
,Placerville - low N,Johnson et al. 2006,,0-30 cm,Mar. 1993,OTC,intact,Nlow,ECM,I have  re-extracted values from Fig 4 because previous data seemed not to fit the figure for some reason,1.75,8207,7637,321,766,3,3,,,,,,,,,,,,,,,,,fig. 4,se,,,,
,,,,,,,,,,,,,,,,,,,,,,,,,,,,,,,,,,,,,,,
Placerville_P.ponderosa-ECM_Nlow,Placerville - low N,Johnson et al. 2006,,0-30 cm,sept. 1996,OTC,intact,Nlow,ECM,I have  re-extracted values from Fig 4 because previous data seemed not to fit the figure for some reason,5.5,8021,7639,180,534,3,3,0.3074846997,Temperate_Forest,Tree Stand,38.73,N,120.80,W,,,,,,,,,,fig. 4,se,,,,
,,,,,,,,,,,,,,,,,,,,,,,,,,,,,,,,,,,,,,,
,Placerville - medium N,Johnson et al. 2006,,0-30 cm,Mar. 1991,OTC,intact,Nhigh,ECM,I have  re-extracted values from Fig 4 because previous data seemed not to fit the figure for some reason,0,8450,8444,442,178,3,3,,,,,,,,,,,,,,,,,fig. 4,se,,,,
,,,,,,,,,,,,,,,,,,,,,,,,,,,,,,,,,,,,,,,
,Placerville - medium N,Johnson et al. 2006,,0-30 cm,Mar. 1993,OTC,intact,Nhigh,ECM,I have  re-extracted values from Fig 4 because previous data seemed not to fit the figure for some reason,1.75,8311,8022,415,130,3,3,,,,,,,,,,,,,,,,,fig. 4,se,,,,
,,,,,,,,,,,,,,,,,,,,,,,,,,,,,,,,,,,,,,,
PlacervilleMF_P.ponderosa-ECM_Nhigh,Placerville - medium N,Johnson et al. 2006,,0-30 cm,sept. 1996,OTC,intact,Nhigh,ECM,I have  re-extracted values from Fig 4 because previous data seemed not to fit the figure for some reason,5.5,8015,8538,352,178,3,3,0.32930375,Temperate_Forest,Tree Stand,38.73,N,120.80,W,,,,,,,,,,fig. 4,se,,,,
,,,,,,,,,,,,,,,,,,,,,,,,,,,,,,,,,,,,,,,
,Placerville - high N,Johnson et al. 2006,,0-30 cm,Mar. 1991,OTC,intact,Nhigh,ECM,I have  re-extracted values from Fig 4 because previous data seemed not to fit the figure for some reason,0,8075,7598,413,391,3,3,,,,,,,,,,,,,,,,,fig. 4,se,,,,
,,,,,,,,,,,,,,,,,,,,,,,,,,,,,,,,,,,,,,,
,Placerville - high N,Johnson et al. 2006,,0-30 cm,Mar. 1993,OTC,intact,Nhigh,ECM,I have  re-extracted values from Fig 4 because previous data seemed not to fit the figure for some reason,1.75,7537,8618,606,504,3,3,,,,,,,,,,,,,,,,,fig. 4,se,,,,
,,,,,,,,,,,,,,,,,,,,,,,,,,,,,,,,,,,,,,,
PlacervilleF_P.ponderosa-ECM_Nhigh,Placerville - high N,Johnson et al. 2006,,0-30 cm,sept. 1996,OTC,intact,Nhigh,ECM,I have  re-extracted values from Fig 4 because previous data seemed not to fit the figure for some reason,5.5,7479,8246,47,304,3,3,0.1906203596,Temperate_Forest,Tree Stand,38.73,N,120.80,W,,,,,,,,,,fig. 4,se,,,,
,,,,,,,,,,,,,,,,,,,,,,,,,,,,,,,,,,,,,,,
,POPFACE - alba,Hoosbeek et al. 2009,,0-10 cm,Oct. 1999,FACE,intact,Nlow,ECM,"soil C was higher ipre-treatment in ambient, so we should instead use the change since pre-treatment (Fig 5). The slope for elev is higher than amb, so it seems that eventually soil C content would be larger in elev",0,1320,1128,144,234,3,3,,,,,,,,,,,,,,,,,"fig. 5, pers. comm.",sd,,,,
,,,,,,,,,,,,,,,,,,,,,,,,,,,,,,,,,,,,,,,
,POPFACE - alba,Hoosbeek et al. 2009,,0-10 cm,Oct. 2000,FACE,intact,Nlow,ECM,,1,1365,1195,72,298,3,3,,,,,,,,,,,,,,,,,"fig. 5, pers. comm.",sd,,,,
,,,,,,,,,,,,,,,,,,,,,,,,,,,,,,,,,,,,,,,
PopFACE_alba-mixed_Nhigh,POPFACE - alba,Hoosbeek et al. 2009,,0-10 cm,Oct. 2001,FACE,intact,Nlow,ECM,,2,1524,1295,119,366,3,3,0.226,Temperate_Forest,Tree Stand,42.37,N,11.80,E,,,,,,,,,,"fig. 5, pers. comm.",sd,,,,
,,,,,,,,,,,,,,,,,,,,,,,,,,,,,,,,,,,,,,,
,EUROFACE - alba,Hoosbeek et al. 2009,,0-10 cm,Oct. 2003,FACE,intact,Nhigh,ECM,,4,1629,1377,248,262,3,3,,,,,,,,,,,,,,,,,"fig. 5, pers. comm.",sd,,,,
,,,,,,,,,,,,,,,,,,,,,,,,,,,,,,,,,,,,,,,
,EUROFACE - alba,Hoosbeek et al. 2009,,0-10 cm,Oct. 2004,FACE,intact,Nhigh,ECM,,6,1647,1480,213,193,3,3,,,,,,,,,,,,,,,,,"fig. 5, pers. comm.",sd,,,,
,,,,,,,,,,,,,,,,,,,,,,,,,,,,,,,,,,,,,,,
PopFACEII_alba-mixed_Nhigh,EUROFACE - alba,Hoosbeek 2015,P. alba L,0-10 cm,,FACE,intact,Nhigh,ECM,pers. comm Hoosbeek EuroFACE soil C N P data.xls,6,1677.217,1510.1,61.42702,73.15231,3,3,0.186,Temperate_Forest,Tree Stand,42.37,N,11.80,E,,,,,,,,,,Table 1,SE,,550 ppm,,g m-2
,,,,,,,,,,,,,,,,,,,,,,,,,,,,,,,,,,,,,,,
,POPFACE - euramericana,Hoosbeek et al. 2009,,0-10 cm,Oct. 1999,FACE,intact,Nlow,ECM,"soil C was higher ipre-treatment in ambient, so we should instead use the change since pre-treatment (Fig 5). The slope for elev is higher than amb, so it seems that eventually soil C content would be larger in elev",0,1252,1165,100,219,3,3,,,,,,,,,,,,,,,,,"fig. 5, pers. comm.",sd,,,,
,,,,,,,,,,,,,,,,,,,,,,,,,,,,,,,,,,,,,,,
,POPFACE - euramericana,Hoosbeek et al. 2009,,0-10 cm,Oct. 2000,FACE,intact,Nlow,ECM,,1,1429,1213,117,333,3,3,,,,,,,,,,,,,,,,,"fig. 5, pers. comm.",sd,,,,
,,,,,,,,,,,,,,,,,,,,,,,,,,,,,,,,,,,,,,,
PopFACE_eur-mixed_Nhigh,POPFACE - euramericana,Hoosbeek et al. 2009,,0-10 cm,Oct. 2001,FACE,intact,Nlow,ECM,,2,1405,1084,201,272,3,3,0.29137376,Temperate_Forest,Tree Stand,42.37,N,11.80,E,,,,,,,,,,"fig. 5, pers. comm.",sd,,,,
,,,,,,,,,,,,,,,,,,,,,,,,,,,,,,,,,,,,,,,
,EUROFACE - euramericana,Hoosbeek et al. 2009,,0-10 cm,Oct. 2003,FACE,intact,Nhigh,ECM,,4,1635,1431,230,152,3,3,,,,,,,,,,,,,,,,,"fig. 5, pers. comm.",sd,,,,
,,,,,,,,,,,,,,,,,,,,,,,,,,,,,,,,,,,,,,,
,EUROFACE - euramericana,Hoosbeek et al. 2009,,0-10 cm,Oct. 2004,FACE,intact,Nhigh,ECM,,6,1686,1370,161,283,3,3,,,,,,,,,,,,,,,,,"fig. 5, pers. comm.",sd,,,,
,,,,,,,,,,,,,,,,,,,,,,,,,,,,,,,,,,,,,,,
PopFACEII_eur-mixed_Nhigh,POPFACE - euramericana,Hoosbeek 2015,P. euramericana,0-10 cm,,FACE,intact,Nhigh,ECM,pers. comm Hoosbeek EuroFACE soil C N P data.xls,6,1622.1,1413.21,64.01,122.52,3,3,0.147,Temperate_Forest,Tree Stand,42.37,N,11.80,E,,,,,,,,,,Table 1,SE,,550 ppm,,g m-2
,,,,,,,,,,,,,,,,,,,,,,,,,,,,,,,,,,,,,,,
,POPFACE - nigra,Hoosbeek et al. 2009,,0-10 cm,Oct. 1999,FACE,intact,Nlow,ECM,"soil C was higher ipre-treatment in ambient, so we should instead use the change since pre-treatment (Fig 5). The slope for elev is higher than amb, so it seems that eventually soil C content would be larger in elev",0,1379,1149,183,322,3,3,,,,,,,,,,,,,,,,,"fig. 5, pers. comm.",sd,,,,
,,,,,,,,,,,,,,,,,,,,,,,,,,,,,,,,,,,,,,,
,POPFACE - nigra,Hoosbeek et al. 2009,,0-10 cm,Oct. 2000,FACE,intact,Nlow,ECM,,1,1458,1169,22,227,3,3,,,,,,,,,,,,,,,,,"fig. 5, pers. comm.",sd,,,,
,,,,,,,,,,,,,,,,,,,,,,,,,,,,,,,,,,,,,,,
PopFACE_nigra-mixed_Nhigh,POPFACE - nigra,Hoosbeek et al. 2009,,0-10 cm,Oct. 2001,FACE,intact,Nlow,ECM,,2,1534,1112,240,205,3,3,0.166,Temperate_Forest,Tree Stand,42.37,N,11.80,E,,,,,,,,,,"fig. 5, pers. comm.",sd,,,,
,,,,,,,,,,,,,,,,,,,,,,,,,,,,,,,,,,,,,,,
,POPFACE - nigra,Hoosbeek et al. 2009,,0-10 cm,Oct. 2003,FACE,intact,Nhigh,ECM,,4,1518,1246,135,83,3,3,,,,,,,,,,,,,,,,,"fig. 5, pers. comm.",sd,,,,
,,,,,,,,,,,,,,,,,,,,,,,,,,,,,,,,,,,,,,,
,POPFACE - nigra,Hoosbeek et al. 2009,,0-10 cm,Oct. 2004,FACE,intact,Nhigh,ECM,,6,1509,1344,85,257,3,3,,,,,,,,,,,,,,,,,"fig. 5, pers. comm.",sd,,,,
,,,,,,,,,,,,,,,,,,,,,,,,,,,,,,,,,,,,,,,
PopFACEII_nigra-mixed_Nhigh,POPFACE - nigra,Hoosbeek 2015,P. nigra,0-10 cm,,FACE,intact,Nhigh,ECM,pers. comm Hoosbeek EuroFACE soil C N P data.xls,6,1554.75,1443.6,43.07489,116.05,3,3,0.243,Temperate_Forest,Tree Stand,42.37,N,11.80,E,,,,,,,,,,Table 1,SE,,550 ppm,,g m-2
,,,,,,,,,,,,,,,,,,,,,,,,,,,,,,,,,,,,,,,
,Shortgrass Grassland,Pendall et al. 2004,,0-10 cm,Nov. 1995,OTC,intact,Nlow,AM,,0,1137,1185,99,219,3,3,,,,,,,,,,,,,,,,,appendix,se,,,,
,,,,,,,,,,,,,,,,,,,,,,,,,,,,,,,,,,,,,,,
,Shortgrass Grassland,Pendall et al. 2004,,0-10 cm,1998,OTC,intact,Nlow,AM,,2,1096,1103,104,106,3,3,,,,,,,,,,,,,,,,,appendix,se,,,,
,,,,,,,,,,,,,,,,,,,,,,,,,,,,,,,,,,,,,,,
,Shortgrass Grassland,Pendall et al. 2004,,0-10 cm,1999,OTC,intact,Nlow,AM,,3,998,992,83,248,3,3,,,,,,,,,,,,,,,,,appendix,se,,,,
,,,,,,,,,,,,,,,,,,,,,,,,,,,,,,,,,,,,,,,
,Shortgrass Grassland,Pendall et al. 2004,,0-10 cm,2000,OTC,intact,Nlow,AM,,4,1214,1197,155,178,3,3,,,,,,,,,,,,,,,,,appendix,se,,,,
,,,,,,,,,,,,,,,,,,,,,,,,,,,,,,,,,,,,,,,
"Not in AGB database, but I found data in papers",Shortgrass Grassland,Pendall et al. 2004,,0-10 cm,2001,OTC,intact,Nlow,AM,biomass: root + crown Fig. 1 Pendall et al. 2004.xls,5,1177,1182,156,79,3,3,0.14,Grassland,Grassland,40.66,N,104.75,W,,,,,,,,,,appendix. Biomass: Fig. 1,se,,,,
,,,,,,,,,,,,,,,,,,,,,,,,,,,,,,,,,,,,,,,
,SoyFACE,Moran and Jastrow 2010,,0-12.5 cm,spring 2001,FACE,disturbed,Nlow,Nfixer,,0,4803,4142,,,3,3,,,,,,,,,,,,,,,,,pers. comm.,,,,assumed bulk density: 1.24 g/cm3. 1  ring removed from dataset (based authors' advice),
,,,,,,,,,,,,,,,,,,,,,,,,,,,,,,,,,,,,,,,
,SoyFACE,Moran and Jastrow 2010,,0-12.5 cm,spring 2006,FACE,disturbed,Nlow,Nfixer,,5,4671,4100,,,3,3,,,,,,,,,,,,,,,,,pers. comm.,,,,assumed bulk density: 1.24 g/cm3. 1  ring removed from dataset (based authors' advice),
,,,,,,,,,,,,,,,,,,,,,,,,,,,,,,,,,,,,,,,
"Not in AGB database, but I found data in papers",SoyFACE,Moran and Jastrow 2010,,0-12.5 cm,spring 2007,FACE,disturbed,Nlow,Nfixer,"biomass data taken from the GCME database, Morgan et al. 2005. N applied to corn, but no to soy",6,4437,3836,,,3,3,0.1465935802,Cropland,Agricultural,40.04,N,88.23,W,,,,,,"2002:1185.5, 2003:783.9","2002:1346.8, 2003:925.1",,,pers. comm.,,,,assumed bulk density: 1.24 g/cm3. 1  ring removed from dataset (based authors' advice),
,,,,,,,,,,,,,,,,,,,,,,,,,,,,,,,,,,,,,,,
,FACE Stillberg - larix,"soil: Hagedorn et al. 2013, plant: Dawes et. al., 2015",Larix decidua,0-5 cm,2000,FACE,intact,Nlow,ECM,,9,40.2,39.2,1.7,1.6,10,10,0.4329889453,Alpine_Forest,Tree Stand,47.46,N,7.50,E,total,5411,8343,,,,,,,soil: Table 1; plant Table S2,SE,370 ± 3 ppm,545 ± 117 ppm,,"soil: %; Tree biomass: mean of needles, above-ground wood and coarse roots (g)"
,,,,,,,,,,,,,,,,,,,,,,,,,,,,,,,,,,,,,,,
,FACE Stillberg - pinus,"soil: Hagedorn et al. 2013, plant: Dawes et. al., 2015",Pinus mugo ssp. uncinata,0-5 cm,2000,FACE,intact,Nlow,ECM,,9,38,40.4,2,1.7,10,10,0.1989998789,Alpine_Forest,Tree Stand,47.46,N,7.50,E,total,5500,6711,,,,,,,soil: Table 1; plant Table S2,SE,370 ± 3 ppm,545 ± 117 ppm,,"soil: %; Tree biomass: mean of needles, above-ground wood and coarse roots (g)"
,,,,,,,,,,,,,,,,,,,,,,,,,,,,,,,,,,,,,,,
Swiss_Lolium-AM_Nlow,SwissFACE- grass - low N,"De Graaff et al., 2004",,0-10 cm,2002,FACE,intact,Nlow,AM,,9,35.1,41.7,6.1,8,3,3,-0.02452026137,Grassland,Grassland,47.45,N,8.95,E,,,,,,,,,,Table 3,se,,,,
,,,,,,,,,,,,,,,,,,,,,,,,,,,,,,,,,,,,,,,
Swiss_Lolium-AM_Nlow,SwissFACE- grass - low N,"De Graaff et al., 2007",,0-10 cm,2003,FACE,intact,Nlow,AM,,10,28.74,38.78,0.37,1.33,3,3,-0.02452026137,Grassland,Grassland,47.45,N,8.95,E,,,,,,,,,,Table 3,se,,,,
,,,,,,,,,,,,,,,,,,,,,,,,,,,,,,,,,,,,,,,
Swiss_Lolium-AM_Nhigh,SwissFACE- grass - high N,"De Graaff et al., 2004",,0-10 cm,2002,FACE,intact,Nhigh,AM,,9,36.3,40.4,5.5,8.2,3,3,0.1593556537,Grassland,Grassland,47.45,N,8.95,E,,,,,,,,,,Table 3,se,,,,
,,,,,,,,,,,,,,,,,,,,,,,,,,,,,,,,,,,,,,,
Swiss_Lolium-AM_Nhigh,SwissFACE- grass - high N,"De Graaff et al., 2007",,0-10 cm,2003,FACE,intact,Nhigh,AM,,10,29.92,30.79,1.09,3.62,3,3,0.1593556537,Grassland,Grassland,47.45,N,8.95,E,,,,,,,,,,Table 3,se,,,,
,,,,,,,,,,,,,,,,,,,,,,,,,,,,,,,,,,,,,,,
,SwissFACE- clover - low N,"De Graaff et al., 2004",,0-10 cm,2002,FACE,intact,Nlow,Nfixer,Aboveground biomass: Hartwig et al. 2002,9,32.6,37.1,4.8,8.2,3,3,0.5552928314,Grassland,Grassland,47.45,N,8.95,E,aboveground,,,,,,,,,Table 3,se,,,,
,,,,,,,,,,,,,,,,,,,,,,,,,,,,,,,,,,,,,,,
,SwissFACE- clover - low N,"De Graaff et al., 2007",,0-10 cm,2003,FACE,intact,Nlow,Nfixer,Aboveground biomass: Hartwig et al. 2002,10,29.08,26.92,1.01,4.82,3,3,0.5552928314,Grassland,Grassland,47.45,N,8.95,E,aboveground,,,,,,,,,Table 3,se,,,,
,,,,,,,,,,,,,,,,,,,,,,,,,,,,,,,,,,,,,,,
,SwissFACE- clover - high N,"De Graaff et al., 2004",,0-10 cm,2002,FACE,intact,Nhigh,Nfixer,Aboveground biomass: Hartwig et al. 2002,9,33.3,37.7,6.1,6.8,3,3,0.6075227663,Grassland,Grassland,47.45,N,8.95,E,aboveground,,,,,,,,,Table 3,se,,,,
,,,,,,,,,,,,,,,,,,,,,,,,,,,,,,,,,,,,,,,
,SwissFACE- clover - high N,"De Graaff et al., 2007",,0-10 cm,2003,FACE,intact,Nhigh,Nfixer,Aboveground biomass: Hartwig et al. 2002,10,26.74,30.82,0.9,2.87,3,3,0.6075227663,Grassland,Grassland,47.45,N,8.95,E,aboveground,,,,,,,,,Table 3,se,,,,
,,,,,,,,,,,,,,,,,,,,,,,,,,,,,,,,,,,,,,,
,Swiss Greenhouse,K_rner and Arnone 1992,,0-20 cm,-,Chamber,disturbed,Nhigh,AM,,0,1280,1280,23,23,2,2,,,,,,,,,,,,,,,,,table 4,se,,,,
,,,,,,,,,,,,,,,,,,,,,,,,,,,,,,,,,,,,,,,
Basel_tropical1_trop_forest-AM_Nhigh,Swiss Greenhouse,K_rner and Arnone 1992,,0-20 cm,-,Chamber,disturbed,Nhigh,AM,,0.25,1205,980,,,2,2,0.0631964192,Temperate_Forest,Tree Stand,47.57,N,8.60,E,,,,,,,,,,table 4,se,,,,"se value could potentially be estimated from table 4, but are not directly reported"
,,,,,,,,,,,,,,,,,,,,,,,,,,,,,,,,,,,,,,,
,Tallgrass Grassland,Rice et al. 1994,,0-5 cm,Nov. 1992,OTC,intact,Nhigh,AM,,2.5,2985,2860,,,3,3,,,,,,,,,,,,,,,,,table 1,,,,bulk density = 0.93 g/cm3 (Williams et al. 2000),
,,,,,,,,,,,,,,,,,,,,,,,,,,,,,,,,,,,,,,,
"Not in AGB database, but I found data in papers",Tallgrass Grassland,Williams et al. 2000,,0-5 cm,Oct. 1996,OTC,intact,Nhigh,AM,AGB data found in Owensby et al. 1999 (Shortgrass Grassland Owensby et al. 1999.xls),8,2181,2372,,,3,3,0.12213002,Grassland,Grassland,39.12,N,96.35,W,,,,,,,,,,table 4,,,,bulk density = 0.93 g/cm3 (Williams et al. 2000),
,,,,,,,,,,,,,,,,,,,,,,,,,,,,,,,,,,,,,,,
,UMBS - aspen,Zak et al. 1993,,0-15 cm,May-91,OTC,disturbed,Nhigh,ECM,,0,297,297,82,82,4,4,,,,,,,,,,,,,,,,,text (page 107),se,,,assumed bulk density: 1.0 g/cm3,
,,,,,,,,,,,,,,,,,,,,,,,,,,,,,,,,,,,,,,,
UMBS_Pop_grandidentata-ECM/AM_Nhigh,UMBS - aspen,Zak et al. 1993,,0-15 cm,Oct. 1991,OTC,disturbed,Nhigh,ECM,,0.5,242,290,28,59,4,4,0.0408803529,Temperate_Forest,Tree Stand,45.55,N,84.78,W,,,,,,,,,,table 2,se,,,assumed bulk density: 1.0 g/cm3,
,,,,,,,,,,,,,,,,,,,,,,,,,,,,,,,,,,,,,,,
,"WSL - loam, low N",Hagedorn et al. 2001,,0-10 cm,Jan. 1995,OTC,intact,Nhigh,ECM,N medium,0,1511,1511,,,4,4,,,,,,,,,,,,,,,,,"fig. 4, pers. comm.",,,,,
,,,,,,,,,,,,,,,,,,,,,,,,,,,,,,,,,,,,,,,
Birmensdorf acidic_Fagus sylvatica-ECM_Nlow & Birmensdorf  acidic_Picea abies-ECM_Nlow,"WSL - loam, low N",Hagedorn et al. 2001,,0-10 cm,sept. 1998,OTC,intact,Nhigh,ECM,N medium,3.75,1501,1677,52,35,4,4,-0.03969071809,Temperate_Forest,Tree Stand,47.35,N,8.43,E,,,,,,,,,,"fig. 4, pers. comm.",se,,,biomass is the mean of 2 species,
,,,,,,,,,,,,,,,,,,,,,,,,,,,,,,,,,,,,,,,
,"WSL - loam, high N",Hagedorn et al. 2001,,0-10 cm,Jan. 1995,OTC,intact,Nhigh,ECM,,0,1511,1511,,,4,4,,,,,,,,,,,,,,,,,"fig. 4, pers. comm.",,,,,
,,,,,,,,,,,,,,,,,,,,,,,,,,,,,,,,,,,,,,,
Birmensdorf acidic_Fagus sylvatica-ECM_Nhigh & Birmensdorf  acidic_Picea abies-ECM_Nhigh,"WSL - loam, high N",Hagedorn et al. 2001,,0-10 cm,sept. 1998,OTC,intact,Nhigh,ECM,,3.75,1689,1763,83,47,4,4,0.02974773393,Temperate_Forest,Tree Stand,47.35,N,8.43,E,,,,,,,,,,"fig. 4, pers. comm.",se,,,biomass is the mean of 2 species,
,,,,,,,,,,,,,,,,,,,,,,,,,,,,,,,,,,,,,,,
,"WSL - sand, low N",Hagedorn et al. 2001,,0-10 cm,Jan. 1995,OTC,intact,Nhigh,ECM,N medium,0,1542,1542,,,4,4,,,,,,,,,,,,,,,,,"fig. 4, pers. comm.",,,,,
,,,,,,,,,,,,,,,,,,,,,,,,,,,,,,,,,,,,,,,
Birmensdorf calcareous_Fagus sylvatica-ECM_Nlow & Birmensdorf calcareous_Picea abies-ECM_Nlow,"WSL - sand, low N",Hagedorn et al. 2001,,0-10 cm,sept. 1998,OTC,intact,Nhigh,ECM,N medium,3.75,1377,1433,49,37,4,4,0.2331631671,Temperate_Forest,Tree Stand,47.35,N,8.43,E,,,,,,,,,,"fig. 4, pers. comm.",se,,,biomass is the mean of 2 species,
,,,,,,,,,,,,,,,,,,,,,,,,,,,,,,,,,,,,,,,
,"WSL - sand, high N",Hagedorn et al. 2001,,0-10 cm,Jan. 1995,OTC,intact,Nhigh,ECM,,0,1542,1542,,,4,4,,,,,,,,,,,,,,,,,"fig. 4, pers. comm.",,,,,
,,,,,,,,,,,,,,,,,,,,,,,,,,,,,,,,,,,,,,,
Birmensdorf calcareous_Fagus sylvatica-ECM_Nhigh & Birmensdorf calcareous_Picea abies-ECM_Nhigh,"WSL - sand, high N",Hagedorn et al. 2001,,0-10 cm,sept. 1998,OTC,intact,Nhigh,ECM,,3.75,1322,1396,18,96,4,4,0.2349076727,Temperate_Forest,Tree Stand,47.35,N,8.43,E,,,,,,,,,,"fig. 4, pers. comm.",se,,,biomass is the mean of 2 species,
,,,,,,,,,,,,,,,,,,,,,,,,,,,,,,,,,,,,,,,
Nevada_pooled_desert_scrub-AM_Nlow,Nevada Desert FACE,"soil: Koyama et al. 2018; plant: Newingham et. al., 2013","surface soils, L. tridentata",0-5 cm,April 1997,FACE,intact,Nlow,AM,,10,5.44,7.26,0.633,0.733,3,3,-0.0840831,Shrubland,Shrubland,36.77,N,115.96,W,,1777.988,1288.586,484.025,140.288,,,,,Fig. 1,SE,375 μLL−1,513 μLL−1,,soil: mg C g-1
,,,,,,,,,,,,,,,,,,,,,,,,,,,,,,,,,,,,,,,
Nevada_pooled_desert_scrub-AM_Nlow,Nevada Desert FACE,Evans et al. 2014,Total ecosystem,1 m,April 1997,FACE,intact,Nlow,AM,,10,807,972,53.79,67.78,3,3,-0.08408311721,Shrubland,Shrubland,36.77,N,115.96,W,aboveground,,,,,,,,,Table S1,se,375 μmol CO2 mol−1,513 μmol CO2 mol−1,SE = (upper limit _ lower limit) / 3.29,
,,,,,,,,,,,,,,,,,,,,,,,,,,,,,,,,,,,,,,,
,Bangor FACE,Hoosbeek et al. 2011,,0-10 cm,2004,FACE,intact,Nlow,ECM,,1,2828.726,2734.601,38.847,60.537,4,4,,,,,,,,,,,,,,,,,fig 1a,se,,,g/m2,
,,,,,,,,,,,,,,,,,,,,,,,,,,,,,,,,,,,,,,,
,Bangor FACE,Hoosbeek et al. 2011,,0-10 cm,2005,FACE,intact,Nlow,ECM,,2,2824.916,2751.537,54.759,94.636,4,4,,,,,,,,,,,,,,,,,fig 1a,se,,,g/m2,
,,,,,,,,,,,,,,,,,,,,,,,,,,,,,,,,,,,,,,,
,Bangor FACE,Hoosbeek et al. 2011,,0-10 cm,2006,FACE,intact,Nlow,ECM,,3,3230.077,2859.549,76.123,78.731,4,4,,,,,,,,,,,,,,,,,fig 1a,se,,,g/m2,
,,,,,,,,,,,,,,,,,,,,,,,,,,,,,,,,,,,,,,,
,Bangor FACE,Hoosbeek et al. 2011,,0-10 cm,2007,FACE,intact,Nlow,ECM,,4,3163.208,3219.367,87.906,83.4,4,4,,,,,,,,,,,,,,,,,fig 1a,se,,,g/m2,
,,,,,,,,,,,,,,,,,,,,,,,,,,,,,,,,,,,,,,,
,Bangor FACE,Hoosbeek et al. 2011,,0-10 cm,2008,FACE,intact,Nlow,ECM,,5,3360.469,3286.229,50.41,40.353,4,4,,,,,,,,,,,,,,,,,fig 1a,se,,,g/m2,
,,,,,,,,,,,,,,,,,,,,,,,,,,,,,,,,,,,,,,,
Bangor_Alnus-ECM/AM_Nlow,BangorFACE - alnus,"Hoosbeek 2015 (soil), Smith et al., 2013 pers comm (plant)",Soil Alnus,0-10 cm,2008,FACE,intact,Nlow,ECM,,4,3355.8,3142.9,70.6,66.7,4,4,0.25058653,Temperate_Forest,Tree Stand,53.23,N,4.02,W,,,,,,,,,,Soil: Table 3. Plant: Table 1,SE,330 ppm,580 ppm,,g m-2
,,,,,,,,,,,,,,,,,,,,,,,,,,,,,,,,,,,,,,,
Bangor_Betula_pendula-ECM_Nlow,BangorFACE - betula,"Hoosbeek 2015 (soil), Smith et al., 2013 pers comm (plant)",Soil Betula,0-10 cm,2008,FACE,intact,Nlow,ECM,,4,3066,3122.5,393.6,261.4,4,4,0.14632001,Temperate_Forest,Tree Stand,53.23,N,4.02,W,,,,,,,,,,Soil: Table 3. Plant: Table 1,SE,330 ppm,580 ppm,,g m-2
,,,,,,,,,,,,,,,,,,,,,,,,,,,,,,,,,,,,,,,
Bangor_Fagus-ECM_Nlow,BangorFACE - fagus,"Hoosbeek 2015 (soil), Smith et al., 2013 pers comm (plant)",Soil Fagus,0-10 cm,2008,FACE,intact,Nlow,ECM,,4,3687.5,3474.5,149.8,476.4,4,4,0.19956512,Temperate_Forest,Tree Stand,53.23,N,4.02,W,,,,,,,,,,Soil: Table 3. Plant: Table 1,SE,330 ppm,580 ppm,,g m-2
,,,,,,,,,,,,,,,,,,,,,,,,,,,,,,,,,,,,,,,
,Tas FACE,Pendall et al. 2011,,0-10 cm,2007,FACE,intact,Nlow,AM,"change units. Potentially more years, check Osanai et el 2015 Soil Biology & Biochemistry",6,19.6,23.6,1.3,1.6,3,3,,,,,,,,,,,,,,,,,"text, C3 plants only",se,,,g kg-1,
,,,,,,,,,,,,,,,,,,,,,,,,,,,,,,,,,,,,,,,
TasFACE_C3_C4-AM_Nlow,Tas FACE,Poster in data>original folder,,,2008,FACE,intact,Nlow,AM,,7,2.886,3.588,0.157,0.157,3,3,0.07209261602,Grassland,Grassland,-42.7,S,147.27,E,,,,,,,,,,,se,,,kg/m2,
,,,,,,,,,,,,,,,,,,,,,,,,,,,,,,,,,,,,,,,
Ginninderra_pooled_Phalaris_aquatica-AM_Nhigh,Ginninderra,unpublished - GlobalDB,,,2002,Chamber,disturbed,Nhigh,AM,biomass: Volder et al. 2007,2,7.6,7.8,1.47,1.77,3,3,0.02009774388,Grassland,Grassland,35.22,S,149.13,E,,,,,,,,,,,sd,,,mg/g,
,,,,,,,,,,,,,,,,,,,,,,,,,,,,,,,,,,,,,,,
Not in AGB db,Sky Oaks,"Del Galdo et al., 2006",,0-10 cm,2003,Chamber,intact,Nlow,ECM,"ECM + AM. Amb=350ppm, elev=650ppm plots only. Biomass data is ROOT biomass data from K.Treseder pers.comm (Sky Oaks root biomass.xls)",6,3397,2494,612,81,2,2,0.331794,Shrubland,Shrubland,32.36,N,116.66,W,Root biomass,,,,,,,,,table 1,se,350,650,g/m2,
,,,,,,,,,,,,,,,,,,,,,,,,,,,,,,,,,,,,,,,
Antwerp_OTC_P.sylvestris-ECM_Nlow,Antwerp OTC,"Carnol et al., 2002",,upper,2000,OTC,disturbed,Nlow,ECM,units = %,3.75,1.19,1.07,0.284604989,0.158113883,2,2,0.4929170007,Temperate_Forest,Tree Stand,51.17,N,4.38,E,,,,,,,,,,Tab. 2,sd,,,%,
,,,,,,,,,,,,,,,,,,,,,,,,,,,,,,,,,,,,,,,
Lancaster_c2_Abies alba -ECM_Nlow,Lancaster - Abies alba,"Heath et al., 2005",,pot,,Chamber,disturbed,Nlow,ECM,ambient +300ppm plots,1.25,198.6332,186.2018,9.5185175,4.6087835,3,3,-0.115997349,Temperate_Forest,Tree Stand,54.02,N,2.78,W,,,,,,,,,,pers. comm,sd,,,g/pot,
,,,,,,,,,,,,,,,,,,,,,,,,,,,,,,,,,,,,,,,
Lancaster_c2f_Abies alba -ECM_Nhigh,Lancaster - Abies alba,"Heath et al., 2005",,pot,,Chamber,disturbed,Nhigh,ECM,ambient +300ppm plots,1.25,200.4176,185.4705,5.4056803,3.5226807,3,3,-0.125055918,Temperate_Forest,Tree Stand,54.02,N,2.78,W,,,,,,,,,,pers. comm,sd,,,g/pot,
,,,,,,,,,,,,,,,,,,,,,,,,,,,,,,,,,,,,,,,
Lancaster_c2_Betula pendula -ECM_Nlow,Lancaster - Betula pendula,"Heath et al., 2005",,pot,,Chamber,disturbed,Nlow,ECM,ambient +300ppm plots,1.25,204.1403,196.6413,13.0942344,5.752343,3,3,0.1563764233,Temperate_Forest,Tree Stand,54.02,N,2.78,W,,,,,,,,,,pers. comm,sd,,,g/pot,
,,,,,,,,,,,,,,,,,,,,,,,,,,,,,,,,,,,,,,,
Lancaster_c2f_Betula pendula -ECM_Nhigh,Lancaster - Betula pendula,"Heath et al., 2005",,pot,,Chamber,disturbed,Nhigh,ECM,ambient +300ppm plots,1.25,201.0327,209.3765,1.7492085,6.1540788,3,3,0.3942985115,Temperate_Forest,Tree Stand,54.02,N,2.78,W,,,,,,,,,,pers. comm,sd,,,g/pot,
,,,,,,,,,,,,,,,,,,,,,,,,,,,,,,,,,,,,,,,
Lancaster_c2_Carpinus betulus -ECM_Nlow,Lancaster - Carpinus betulus,"Heath et al., 2005",,pot,,Chamber,disturbed,Nlow,ECM,ambient +300ppm plots,1.25,192.5741,186.1498,6.0535499,3.1052476,3,3,-0.05755012523,Temperate_Forest,Tree Stand,54.02,N,2.78,W,,,,,,,,,,pers. comm,sd,,,g/pot,
,,,,,,,,,,,,,,,,,,,,,,,,,,,,,,,,,,,,,,,
Lancaster_c2f_Carpinus betulus -ECM_Nhigh,Lancaster - Carpinus betulus,"Heath et al., 2005",,pot,,Chamber,disturbed,Nhigh,ECM,ambient +300ppm plots,1.25,197.9919,192.9125,6.8520314,5.6925575,3,3,0.2622658996,Temperate_Forest,Tree Stand,54.02,N,2.78,W,,,,,,,,,,pers. comm,sd,,,g/pot,
,,,,,,,,,,,,,,,,,,,,,,,,,,,,,,,,,,,,,,,
Lancaster_c2_Fagus sylvatica -ECM_Nlow,Lancaster - Fagus sylvatica,"Heath et al., 2005",,pot,,Chamber,disturbed,Nlow,ECM,ambient +300ppm plots,1.25,196.3282,186.5584,3.0090137,4.765485,3,3,0.1871250749,Temperate_Forest,Tree Stand,54.02,N,2.78,W,,,,,,,,,,pers. comm,sd,,,g/pot,
,,,,,,,,,,,,,,,,,,,,,,,,,,,,,,,,,,,,,,,
Lancaster_c2f_Fagus sylvatica -ECM_Nhigh,Lancaster - Fagus sylvatica,"Heath et al., 2005",,pot,,Chamber,disturbed,Nhigh,ECM,ambient +300ppm plots,1.25,193.4781,187.6891,6.1106014,3.1416489,3,3,0.2568661427,Temperate_Forest,Tree Stand,54.02,N,2.78,W,,,,,,,,,,pers. comm,sd,,,g/pot,
,,,,,,,,,,,,,,,,,,,,,,,,,,,,,,,,,,,,,,,
Lancaster_c2_Pinus sylvestris -ECM_Nlow,Lancaster - Pinus sylvestris,"Heath et al., 2005",,pot,,Chamber,disturbed,Nlow,ECM,ambient +300ppm plots,1.25,193.295,188.1157,0.8522622,1.5737757,3,3,0.2645723289,Temperate_Forest,Tree Stand,54.02,N,2.78,W,,,,,,,,,,pers. comm,sd,,,g/pot,
,,,,,,,,,,,,,,,,,,,,,,,,,,,,,,,,,,,,,,,
Lancaster_c2f_Pinus sylvestris -ECM_Nhigh,Lancaster - Pinus sylvestris,"Heath et al., 2005",,pot,,Chamber,disturbed,Nhigh,ECM,ambient +300ppm plots,1.25,196.4128,189.462,5.4397738,1.9266995,3,3,0.4358105188,Temperate_Forest,Tree Stand,54.02,N,2.78,W,,,,,,,,,,pers. comm,sd,,,g/pot,
,,,,,,,,,,,,,,,,,,,,,,,,,,,,,,,,,,,,,,,
Lancaster_c2_Quercus robur-ECM_Nlow,Lancaster - Quercus robur,"Heath et al., 2005",,pot,,Chamber,disturbed,Nlow,ECM,ambient +300ppm plots,1.25,199.3387,190.0763,6.0615273,3.6828426,3,3,0.2204593065,Temperate_Forest,Tree Stand,54.02,N,2.78,W,,,,,,,,,,pers. comm,sd,,,g/pot,
,,,,,,,,,,,,,,,,,,,,,,,,,,,,,,,,,,,,,,,
Lancaster_c2f_Quercus robur-ECM_Nhigh,Lancaster - Quercus robur,"Heath et al., 2005",,pot,,Chamber,disturbed,Nhigh,ECM,ambient +300ppm plots,1.25,204.8002,193.6352,9.6755602,2.4935552,3,3,0.4881364878,Temperate_Forest,Tree Stand,54.02,N,2.78,W,,,,,,,,,,pers. comm,sd,,,g/pot,
,,,,,,,,,,,,,,,,,,,,,,,,,,,,,,,,,,,,,,,
BioCON_nolegumes_mixed-AM_Nlow,BioCON - Low N,http://www.cedarcreek.umn.edu/research/data/dataset?ache141,,,2006,FACE,intact,Nlow,AM,,8,4.95975,5.697583,0.8202183,0.5247473,3,3,0.06144711427,Grassland,Grassland,45.4,N,93.20,W,,,,,,,,,,web,sd,,,mg/g,
,,,,,,,,,,,,,,,,,,,,,,,,,,,,,,,,,,,,,,,
BioCON_nolegumes_mixed-AM_Nhigh,BioCON - High N,http://www.cedarcreek.umn.edu/research/data/dataset?ache141,,,2006,FACE,intact,Nhigh,AM,,8,6.291833,5.863625,0.306268,1.7912783,3,3,0.1560517384,Grassland,Grassland,45.4,N,93.20,W,,,,,,,,,,web,sd,,,mg/g,
,,,,,,,,,,,,,,,,,,,,,,,,,,,,,,,,,,,,,,,
"Not in AGB db, but just added yi",BioCON - legumes - Low N,http://www.cedarcreek.umn.edu/research/data/dataset?ache141,,,2006,FACE,intact,Nlow,Nfixer,,8,5.799333,5.779833,1.0528444,0.8617921,3,3,0.11036915,Grassland,Grassland,45.4,N,93.20,W,,,,,,,,,,web,sd,,,mg/g,
,,,,,,,,,,,,,,,,,,,,,,,,,,,,,,,,,,,,,,,
"Not in AGB db, but just added yi",BioCON - legumes - High N,http://www.cedarcreek.umn.edu/research/data/dataset?ache141,,,2006,FACE,intact,Nhigh,Nfixer,,8,6.88425,6.586833,1.082934,1.6497295,3,3,0.37228308,Grassland,Grassland,45.4,N,93.20,W,,,,,,,,,,web,sd,,,mg/g,
,,,,,,,,,,,,,,,,,,,,,,,,,,,,,,,,,,,,,,,
Not in AGB db,Gainesville - Arachis glabrata,"Allen et al., 2006",,0-20cm deep soil samples,2001,Chamber,intact,Nhigh,Nfixer,Gainsville Allen et al. 2006.xlsx,6,0.545,0.944,0.079,0.099,4,4,0.22500145,Cropland,Agricultural,29.65,N,82.35,W,Belowground,,,,,,,,,,sd,360,700,g/kg,SOC GCME
,,,,,,,,,,,,,,,,,,,,,,,,,,,,,,,,,,,,,,,
Not in AGB db,Gainesville - Paspalum notatum,"Allen et al., 2006",,0-20cm deep soil samples,2001,Chamber,intact,Nhigh,AM,Gainsville Allen et al. 2006.xlsx,6,1.343,1.452,0.079,0.114,4,4,0.06130575,Cropland,Agricultural,29.65,N,82.35,W,Belowground,,,,,,,,,,sd,360,700,g/kg,SOC GCME
,,,,,,,,,,,,,,,,,,,,,,,,,,,,,,,,,,,,,,,
SwissCentral_OTC_alpine grassland-AM_Nlow,Swiss Central Alps,"Niklaus & Korner, 1996",,0-5cm,1995,OTC,intact,Nlow,AM,SOC,3.17,36.722,38.1743,1.8672,1.8672,12,12,0.03319806941,Grassland,Grassland,46.58,N,8.38,E,,,,,,,,,,fig 5,se,,,mg/g,SOC GCME
,,,,,,,,,,,,,,,,,,,,,,,,,,,,,,,,,,,,,,,
SwissCentral_OTC_alpine grassland-AM_Nhigh,Swiss Central Alps F,"Niklaus & Korner, 1996",,0-5cm,1995,OTC,intact,Nhigh,AM,SOC,3.17,36.5145,39.2116,2.4896,4.1494,4,4,0.09908146864,Grassland,Grassland,46.58,N,8.38,E,,,,,,,,,,fig 5,se,,,mg/g,SOC GCME
,,,,,,,,,,,,,,,,,,,,,,,,,,,,,,,,,,,,,,,
Swiss_Jura_bromus_erectus-AM_Nlow,Swiss Jura,Niklaus et al. 2001,,0-10 cm,1999,Chamber,intact,Nlow,AM,SOC,6,4179,4234,242,103,8,8,0.03919726906,Grassland,Grassland,47.45,N,7.57,E,,,,,,,,,,table 1,se,,,g C/m2,SOC GCME
,,,,,,,,,,,,,,,,,,,,,,,,,,,,,,,,,,,,,,,
,CLIMAITE,Haugwitz et al. 2014,,0-8cm,2010,FACE,intact,Nlow,AM,,5,2487.9,2547.4,262.9,338.4,6,6,,,,,,,,,,,,,,,,,table 1,se,,,g C/m2,
,,,,,,,,,,,,,,,,,,,,,,,,,,,,,,,,,,,,,,,
,CLIMAITE,Vestergård et al. 2016,,0-10 cm,2005,FACE,intact,Nlow,AM,"biomass is Deschampsia flexuosa only, Callune is Ericoid",8,3.15,3.52,0.29,0.33,6,6,,,,,,,,,,,,,,,,,Table 1,SE,,120 ppm + 2075 predictions (IPCC 2007),,
,,,,,,,,,,,,,,,,,,,,,,,,,,,,,,,,,,,,,,,
CLIMAITE_Calluna-Deschamps-AM_Nlow,CLIMAITE,Dietzen et al. 2019,Deschampsia flexuosa,0-30cm,2013,FACE,intact,Nlow,AM,all treatments combined,8,4.94,5.87,0.14,0.31,6,6,0.0773332034,Shrubland,Shrubland,55.88,N,11.97,E,,,,,,,,,,text,se,,,kg/m2,
,,,,,,,,,,,,,,,,,,,,,,,,,,,,,,,,,,,,,,,
CLIMAITE_d_Calluna-Deschamps-AM_Nlow,CLIMAITE D,Dietzen et al. 2019,Deschampsia flexuosa,0-10 cm,2013,FACE,intact,Nlow,AM,"biomass is Deschampsia flexuosa only, Callune is Ericoid",8,5,6.15,0.4,0.5,6,6,0.10724553,Shrubland,Shrubland,55.88,N,11.97,E,,,,,,,,,,Fig.2,SE,,120 ppm + 2075 predictions (IPCC 2007),,
,,,,,,,,,,,,,,,,,,,,,,,,,,,,,,,,,,,,,,,
CLIMAITE_t_Calluna-Deschamps-AM_Nlow,CLIMAITE T,Dietzen et al. 2019,Deschampsia flexuosa,0-10 cm,2013,FACE,intact,Nlow,AM,"biomass is Deschampsia flexuosa only, Callune is Ericoid",8,4.9,5.6,0.3,0.5,6,6,0.1461419,Shrubland,Shrubland,55.88,N,11.97,E,,,,,,,,,,Fig.2,SE,,120 ppm + 2075 predictions (IPCC 2007),,
,,,,,,,,,,,,,,,,,,,,,,,,,,,,,,,,,,,,,,,
CLIMAITE_td_Calluna-Deschamps-AM_Nlow,CLIMAITE TD,Dietzen et al. 2019,Deschampsia flexuosa,0-10 cm,2013,FACE,intact,Nlow,AM,"biomass is Deschampsia flexuosa only, Callune is Ericoid",8,4.9,6.2,0.4,1,6,6,0.16395468,Shrubland,Shrubland,55.88,N,11.97,E,,,,,,,,,,Fig.2,SE,,120 ppm + 2075 predictions (IPCC 2007),,
,,,,,,,,,,,,,,,,,,,,,,,,,,,,,,,,,,,,,,,
UMBS_Pop.trem-ECM/AM_Nlow,MBS - low N,"Ambus & Robertson, 1999",,0-15 cm,,OTC,disturbed,Nlow,ECM,,1.5,0.34,0.25,0.016,0.047,3,3,0.307642815,Temperate_Forest,Tree Stand,45.57,N,84.67,W,,,,,,,,,,"Tab. 1, personal comm.",sd,,,%,
,,,,,,,,,,,,,,,,,,,,,,,,,,,,,,,,,,,,,,,
UMBS_Pop.trem-ECM/AM_Nhigh,MBS - high N,"Ambus & Robertson, 1999",,0-15 cm,,OTC,disturbed,Nhigh,ECM,,1.5,1.23,1.55,0.29,0.22,3,3,0.3218150788,Temperate_Forest,Tree Stand,45.57,N,84.67,W,,,,,,,,,,"Tab. 1, personal comm.",sd,,,%,
,,,,,,,,,,,,,,,,,,,,,,,,,,,,,,,,,,,,,,,
Not in AGB db,Montalto di Castro,Calabritto et al. 2002,,5-20 cm,,OTC,intact,Nlow,ECM,"Dominated by Quercus ilex (ECM), but dense AM shrub component",6.75,2.24,1.94,0.318433667,0.269443872,3,3,,,,,,,,,,,,,,,,,Tab. 1,sd,,,%,
,,,,,,,,,,,,,,,,,,,,,,,,,,,,,,,,,,,,,,,
Not in AGB db,USDA Beltsville,Islam et al. 2000,,0-15 cm,,OTC,intact,Nlow,AM,low irrigation treatment,1.5,1.04,1.04,0.349937107,0.435348837,2,2,,,,,,,,,,,,,,,,,Tab. 1,sd,,,%,
,,,,,,,,,,,,,,,,,,,,,,,,,,,,,,,,,,,,,,,
PHACE_Grassland&shrub&forbs-AM_Nlow,PHACE - ambient T,Carrillo et al. 2018,,0-15cm,2012,FACE,intact,Nlow,AM,pers.comm: PHACE soil C Change in percentage C.xls; R: PHACE_2019.R,7,1.756757,2.047411,0.02886767,0.203503,5,5,0.03131451783,Grassland,Grassland,41.18,N,104.90,W,,,,,,,,,,Fig. 1,SE,400 umol mol-1,600 ± 40 umol mol-1,,
,,,,,,,,,,,,,,,,,,,,,,,,,,,,,,,,,,,,,,,
PHACE_t_Grassland&shrub&forbs-AM_Nlow,PHACE - elevated T,Carrillo et al. 2018,,0-15cm,2012,FACE,intact,Nlow,AM,pers.comm: PHACE soil C Change in percentage C.xls; R: PHACE_2019.R,7,1.960688,1.998972,0.28381932,0.1721366,5,5,0.1460886864,Grassland,Grassland,41.18,N,104.90,W,,,,,,,,,,Fig. 1,SE,400 umol mol-1,600 ± 40 umol mol-1,,
,,,,,,,,,,,,,,,,,,,,,,,,,,,,,,,,,,,,,,,
Not in AGB db,Rice-FACE - LN,"soil: Wu et. al. 2018a, plant Wu et. al. 2018b",japonica rice WYJ 21,0-20 cm,2012,FACE,intact,Nlow,AM,,2,14.841,16.62,0.192,0.454,3,3,0.01806596021,Cropland,Agricultural,32.58,N,119.70,E,aboveground,,,,,40.263,40.997,7.159,3.408,soil: Fig.1. plant: Fig. 2,SE,382 ± 7.9 μmol mol-1,582 ± 8.6 μmol mol-1,,soil (g kg-1); plant = shoot dry weight (g hill-1)
,,,,,,,,,,,,,,,,,,,,,,,,,,,,,,,,,,,,,,,
Not in AGB db,Rice-FACE - HN,"soil: Wu et. al. 2018a, plant Wu et. al. 2018b",japonica rice WYJ 21,0-20 cm,2012,FACE,intact,Nhigh,AM,,2,14.841,16.411,0.192,0.189,3,3,0.1397406264,Cropland,Agricultural,32.58,N,119.70,E,aboveground,,,,,67.311,77.406,10.815,5.823,soil: Fig.1. plant: Fig. 2,SE,382 ± 7.9 μmol mol-1,582 ± 8.6 μmol mol-1,,soil (g kg-1); plant = shoot dry weight (g hill-1)
,,,,,,,,,,,,,,,,,,,,,,,,,,,,,,,,,,,,,,,
Not in AGB db,Rice-FACE - LN,"soil: Wu et. al. 2018a, plant Wu et. al. 2018b",indica rice IIY084,0-20 cm,2012,FACE,intact,Nlow,AM,,2,14.018,16.045,0.523,0.068,3,3,0.1320571327,Cropland,Agricultural,32.58,N,119.70,E,aboveground,,,,,51.759,59.066,5.2,5.264,soil: Fig.1. plant: Fig. 2,SE,382 ± 7.9 μmol mol-1,582 ± 8.6 μmol mol-1,,soil (g kg-1); plant = shoot dry weight (g hill-1)
,,,,,,,,,,,,,,,,,,,,,,,,,,,,,,,,,,,,,,,
Not in AGB db,Rice-FACE - HN,"soil: Wu et. al. 2018a, plant Wu et. al. 2018b",indica rice IIY084,0-20 cm,2012,FACE,intact,Nhigh,AM,,2,14.018,14.851,0.523,0.395,3,3,0.2017425159,Cropland,Agricultural,32.58,N,119.70,E,aboveground,,,,,70.276,85.985,8.55,5.46,soil: Fig.1. plant: Fig. 2,SE,382 ± 7.9 μmol mol-1,582 ± 8.6 μmol mol-1,,soil (g kg-1); plant = shoot dry weight (g hill-1)
,,,,,,,,,,,,,,,,,,,,,,,,,,,,,,,,,,,,,,,
Not in AGB db,Rice-FACE2 - LN,soil: Cheng et al. 2016; plant: Yang et. al. 2009,Wuxingjing 14 (hybrid japonica rice),0-20 cm,2011,FACE,intact,Nhigh,AM,,7,16.7,18,0.63,1.75,2,2,0.173821996,Cropland,Agricultural,32.58,N,119.70,E,,,,,,2.56,3.046,0.128,0.144,soil: Table 1. plant: Fig 1b,SE,370 ppm,570 ppm,,"soil (g C kg-1), plant: dry weight per stem (mg)"
,,,,,,,,,,,,,,,,,,,,,,,,,,,,,,,,,,,,,,,
Not in AGB db,Rice-FACE2 - HN,soil: Cheng et al. 2016; plant: Yang et. al. 2009,Wuxingjing 14 (hybrid japonica rice),0-20 cm,2011,FACE,intact,Nhigh,AM,,10,18.6,18.5,1.56,1.91,2,2,0.1193420138,Cropland,Agricultural,32.58,N,119.70,E,,,,,,2.635,2.969,0.226,0.222,soil: Table 1. plant: Fig 1b,SE,370 ppm,570 ppm,,"soil (g C kg-1), plant: dry weight per stem (mg)"
,,,,,,,,,,,,,,,,,,,,,,,,,,,,,,,,,,,,,,,
Not in AGB db,Rice-FACE3,"Guo et. al., 2015",rice-wheat cropping paddy,0-15 cm,June 2004,FACE,intact,Nhigh,AM,,5,17.771,20.029,0.355,0.646,3,3,0.1739961805,Cropland,Agricultural,32.58,N,119.70,E,,1.568,1.866,0.043,0.045,,,,,"soil: Fig. 3, Plant: Fig. 1",SE,390 μmol mol-1,590 μmol mol-1,,"soil: TOC (g/kg), biomass (kg/m2)"
,,,,,,,,,,,,,,,,,,,,,,,,,,,,,,,,,,,,,,,
Not in AGB db,T-FACE - ambient T,soil: Chen et al. 2015; plant: Zhang et. al. 2014,rice–wheat annual rotation,0-20 cm,April 2011,FACE,intact,Nhigh,AM,,3,16.4,20.4,1.3,1.3,3,3,0.126505476,Cropland,Agricultural,31.5,N,120.55,E,,,,,,2321,2634,248,244,"soil: Table 1, plant Table 3",SE,412 ± 21 μmol/mol,500 μmol/mol,,g kg-1
,,,,,,,,,,,,,,,,,,,,,,,,,,,,,,,,,,,,,,,
Not in AGB db,T-FACE - elevated T,soil: Chen et al. 2015; plant: Zhang et. al. 2014,rice–wheat annual rotation,0-20 cm,April 2011,FACE,intact,Nhigh,AM,,3,16,21.4,1,0.6,3,3,0.1100886569,Cropland,Agricultural,31.5,N,120.55,E,,,,,,1899,2120,148,290,"soil: Table 1, plant Table 3",SE,412 ± 21 μmol/mol,500 μmol/mol,,g kg-1
,,,,,,,,,,,,,,,,,,,,,,,,,,,,,,,,,,,,,,,
,OTC Changbai Mountain Research,"Sun et al. 2017 (soil), 2018 (plant)",Quercus mongolica (oak),0-10 cm,2004,OTC,intact,Nlow,ECM,,10,28.9,29.1,1.4,2.7,3,3,0.2527110766,Temperate_Forest,Tree Stand,42.4,N,128.10,E,total,2303.3,2910.3,105.9,102.7,,,,,"soil: Table 2, plant: Table 2",SE,320 μmol,500 μmol,,soil: SOC (g kg-1); plant (g)
,,,,,,,,,,,,,,,,,,,,,,,,,,,,,,,,,,,,,,,
Not in AGB db,Maoxian Field China,Duan et al. 2015,A. faxoniana,0-10 cm,2006,Chamber,intact,Nlow,ECM,,6,18.3,17.7,0.2,0.1,3,3,-0.01370092179,Subalpine_Forest,Tree Stand,31.683,N,104.05,E,,574.316,566.501,14.77,5.366,,,,,Soil: Table 1. Plant: Fig. 1,SE,350ppm,700ppm,,g
,,,,,,,,,,,,,,,,,,,,,,,,,,,,,,,,,,,,,,,
Not in AGB db,Sichuan - ambient T,Liu and Zang 2019,Abies faxoniana,0-15 cm,,Chamber,intact,Nlow,ECM,,6,91.39,103.2,,,2,2,,,,,,,,,,,,,,,,,Table 1,,,,,g/kg
,,,,,,,,,,,,,,,,,,,,,,,,,,,,,,,,,,,,,,,
Not in AGB db,Sichuan - elevated T,Liu and Zang 2019,Abies faxoniana,0-15 cm,,Chamber,intact,Nlow,ECM,,6,60.96,126.46,,,2,2,,,,,,,,,,,,,,,,,Table 1,,,,,g/kg
,,,,,,,,,,,,,,,,,,,,,,,,,,,,,,,,,,,,,,,
,NSW - wheat,Xu et al. 2017,wheat (Triticum aestivum L. cv. Yitpi),0-10 cm,,Chamber,disturbed,Nhigh,AM,Rhizosphere extractable organic C,0.17,114.595,92.538,6.2,1.816,4,4,0.05556985115,Grassland,Grassland,-32.183,S,149.55,E,,14.21,15.03,,,10.5,11.1,,,Soil: Fig 4. Plant: Table 1,SE,400 ±15 μmol mol−1,800 ± 30 μmol mol−1,,soil: mg C kg-1 soil; dry weight: g column-1
,,,,,,,,,,,,,,,,,,,,,,,,,,,,,,,,,,,,,,,
,NSW - white lupin,Xu et al. 2017,white lupin (Lupinus albus L. cv. Kiev),0-10 cm,,Chamber,disturbed,Nhigh,AM,Rhizosphere extractable organic C,0.17,519.985,635.069,17.936,49.504,4,4,0.3078146511,Grassland,Grassland,-32.183,S,149.55,E,,8.71,12.53,,,7.13,9.7,,,Soil: Fig 4. Plant: Table 1,SE,400 ±15 μmol mol−1,800 ± 30 μmol mol−1,,soil: mg C kg-1 soil; dry weight: g column-1
,,,,,,,,,,,,,,,,,,,,,,,,,,,,,,,,,,,,,,,
,SoilFACE Chromosol,Xu et al. 2019,pea-canola-wheat rotation,0-5 cm,2009,FACE,intact,Nhigh,AM,no plant data,8,40.8,37.5,,,4,4,,Cropland,Agricultural,-36.75,S,142.10,E,,,,,,,,,,Table 1,,390–400 μmol mol−1,550 μmol mol−1,,mg g-1
,,,,,,,,,,,,,,,,,,,,,,,,,,,,,,,,,,,,,,,
,SoilFACE Vertosoll,Xu et al. 2019,pea-canola-wheat rotation,0-5 cm,2009,FACE,intact,Nhigh,AM,Jazz: Agface soil is vertosol,8,10.6,11.2,,,4,4,,Cropland,Agricultural,-36.75,S,142.10,E,,,,,,,,,,Table 1,,390–400 μmol mol−1,550 μmol mol−1,,mg g-1
,,,,,,,,,,,,,,,,,,,,,,,,,,,,,,,,,,,,,,,
,SoilFACE Calcarosoll,Xu et al. 2019,pea-canola-wheat rotation,0-5 cm,2009,FACE,intact,Nhigh,AM,Jazz: Walpeup is Calcarosoll soil,8,4.3,3.8,,,4,4,,Cropland,Agricultural,-35.119,S,142.00,E,,,,,,,,,,Table 1,,390–400 μmol mol−1,550 μmol mol−1,,mg g-1
,,,,,,,,,,,,,,,,,,,,,,,,,,,,,,,,,,,,,,,
,SoilFACE2 Chromosol,Jin et al. 2017,"Wheat-pulse rotation (Triticum aestivum L. cv. Yitpi), field pea (Pisum sativum L. cv. PBATwilight) and canola (Brassica napus L. cv. Hyola 50)",0-10 cm,2009,FACE,intact,Nhigh,AM,no plant data,7,40.288,37.054,1.304,0.183,4,4,,,,,,,,,,,,,,,,,Fig. 4,SE,390 ± 10 ppm,550 ± 30 ppm,,mg kg−1 soil
,,,,,,,,,,,,,,,,,,,,,,,,,,,,,,,,,,,,,,,
,SoilFACE2 Vertosoll,Jin et al. 2017,"Wheat-pulse rotation (Triticum aestivum L. cv. Yitpi), field pea (Pisum sativum L. cv. PBATwilight) and canola (Brassica napus L. cv. Hyola 50)",0-10 cm,2009,FACE,intact,Nhigh,AM,,7,8.331,8.407,0.408,0.186,4,4,,Cropland,Agricultural,-36.75,S,142.10,E,,,,,,,,,,Fig. 4,SE,390 ± 10 ppm,550 ± 30 ppm,,mg kg−1 soil
,,,,,,,,,,,,,,,,,,,,,,,,,,,,,,,,,,,,,,,
,SoilFACE2 Calcarosoll,Jin et al. 2017,"Wheat-pulse rotation (Triticum aestivum L. cv. Yitpi), field pea (Pisum sativum L. cv. PBATwilight) and canola (Brassica napus L. cv. Hyola 50)",0-10 cm,2009,FACE,intact,Nhigh,AM,no plant data,7,3.247,3.656,0.129,0.286,4,4,,Cropland,Agricultural,-36.75,S,142.11,E,,,,,,,,,,Fig. 4,SE,390 ± 10 ppm,550 ± 30 ppm,,mg kg−1 soil
,,,,,,,,,,,,,,,,,,,,,,,,,,,,,,,,,,,,,,,
,SoilFACE3 Calcarosoll,Butterly et al. 2016 Soil Biology and Biochemistry,"wheat, field pea, canola",0-5 cm,2009,FACE,disturbed,Nlow,AM,no plant data,5,4.321,5.033,0.08,0.296,4,4,,Cropland,Agricultural,-36.75,S,142.11,E,,,,,,,,,,Fig. 1,SD,390 ppm,550 ppm,,g C kg-1
,,,,,,,,,,,,,,,,,,,,,,,,,,,,,,,,,,,,,,,
,SoilFACE3 Chromosol,Butterly et al. 2016 Soil Biology and Biochemistry,"wheat, field pea, canola",0-5 cm,2009,FACE,disturbed,Nhigh,AM,no plant data,5,47.239,43.097,2.228,0.763,4,4,,Cropland,Agricultural,-36.75,S,142.11,E,,,,,,,,,,Fig. 1,SD,390 ppm,550 ppm,,g C kg-1
,,,,,,,,,,,,,,,,,,,,,,,,,,,,,,,,,,,,,,,
,SoilFACE3 Vertosoll,Butterly et al. 2016 Soil Biology and Biochemistry,"wheat, field pea, canola",0-5 cm,2009,FACE,disturbed,Nhigh,AM,,5,11.331,10.092,0.519,0.583,4,4,,Cropland,Agricultural,-36.75,S,142.11,E,,,,,,,,,,Fig. 1,SD,390 ppm,550 ppm,,g C kg-1
,,,,,,,,,,,,,,,,,,,,,,,,,,,,,,,,,,,,,,,
,SoilFACE4 - LN,Butterly et al. 2015,field pea (Pisum sativum L.) maturity and filling; bulk soil,0-10 cm,2011,FACE,disturbed,Nhigh,Nfixer,,0.5,6.16,6.07,,,4,4,0.2030391754,Cropland,Agricultural,-36.75,S,142.10,E,,34.626,41.565,1.686,1.019,32.892,39.682,1.622,0.901,"Soil: Table S3, S4/Plant: Fig. 2",SE,390 ppm,550 ppm,,soil: g kg-1; plant dry weight: g column-1
,,,,,,,,,,,,,,,,,,,,,,,,,,,,,,,,,,,,,,,
,SoilFACE4 - HN,Butterly et al. 2015,field pea (Pisum sativum L.) maturity and filling; bulk soil,0-10 cm,2011,FACE,disturbed,Nhigh,Nfixer,,0.5,5.72,6.185,,,4,4,0.2481523968,Cropland,Agricultural,-36.75,S,142.10,E,,36.012,43.496,0.586,1.836,34.236,41.405,0.402,1.735,"Soil: Table S3, S4/Plant: Fig. 2",SE,390 ppm,550 ppm,,soil: g kg-1; plant dry weight: g column-1
,,,,,,,,,,,,,,,,,,,,,,,,,,,,,,,,,,,,,,,
,SoilFACE4 - LN,Butterly et al. 2015,wheat (Triticum aestivum L.) maturity and filling; bulk soil,0-10 cm,2011,FACE,disturbed,Nhigh,AM,,0.5,5.95,5.95,,,4,4,0.2791514899,Cropland,Agricultural,-36.75,S,142.10,E,,44.88,57.984,0.698,2.576,39.177,51.143,0.531,2.028,"Soil: Table S3, S4/Plant: Fig. 2",SE,390 ppm,550 ppm,,soil: g kg-1; plant dry weight: g column-1
,,,,,,,,,,,,,,,,,,,,,,,,,,,,,,,,,,,,,,,
,SoilFACE4 - HN,Butterly et al. 2015,wheat (Triticum aestivum L.) maturity and filling; bulk soil,0-10 cm,2011,FACE,disturbed,Nhigh,AM,,0.5,5.88,6.45,,,4,4,0.3585112868,Cropland,Agricultural,-36.75,S,142.10,E,,41.253,54.955,0.521,2.078,36.383,47.988,0.402,1.134,"Soil: Table S3, S4/Plant: Fig. 2",SE,390 ppm,550 ppm,,soil: g kg-1; plant dry weight: g column-1
,,,,,,,,,,,,,,,,,,,,,,,,,,,,,,,,,,,,,,,
,SoilFACE5,Butterly et al. 2016 Plant and Soil,wheat (Triticum aestivum cv. Yitpi),0-10 cm,2011,FACE,disturbed,Nhigh,AM,,0.17,15,15.2,,,4,4,0.07796154147,Cropland,Agricultural,-36.75,S,142.10,E,,0.524,0.533,0.415,0.415,0.37,0.4,0.23,0.23,"Soil: Table 3, 4; Plant: Table 1, 2",,390 ppm,550 ppm,,soil: g kg-1 soil; plant dry weight: g column-1
,,,,,,,,,,,,,,,,,,,,,,,,,,,,,,,,,,,,,,,
,SoilFACE5,Butterly et al. 2016 Plant and Soil,wheat (Triticum aestivum cv. Yitpi),0-10 cm,2011,FACE,disturbed,Nlow,AM,,0.17,15.6,14.4,,,4,4,-0.03636764417,Cropland,Agricultural,-36.75,S,142.10,E,,1.137,1.049,0.415,0.415,0.84,0.81,0.23,0.23,"Soil: Table 3, 4; Plant: Table 1, 2",,390 ppm,550 ppm,,soil: g kg-1 soil; plant dry weight: g column-2
,,,,,,,,,,,,,,,,,,,,,,,,,,,,,,,,,,,,,,,
,SoilFACE5 wheat residue-low N,Butterly et al. 2016 Plant and Soil,wheat (Triticum aestivum cv. Yitpi),0-10 cm,2011,FACE,disturbed,Nlow,AM,,0.17,19.2,18.7,,,4,4,0.3337731797,Cropland,Agricultural,-36.75,S,142.10,E,,0.74,0.97,0.55,0.55,0.53,0.74,0.28,0.28,"Soil: Table 3, 4; Plant: Table 1, 2",,390 ppm,550 ppm,,soil: g kg-1 soil; plant dry weight: g column-3
,,,,,,,,,,,,,,,,,,,,,,,,,,,,,,,,,,,,,,,
,SoilFACE5 wheat residue-high N,Butterly et al. 2016 Plant and Soil,wheat (Triticum aestivum cv. Yitpi),0-10 cm,2011,FACE,disturbed,Nhigh,AM,,0.17,19.3,19.2,,,4,4,0.2067944133,Cropland,Agricultural,-36.75,S,142.10,E,,2.01,2.46,0.55,0.55,1.48,1.82,0.28,0.28,"Soil: Table 3, 4; Plant: Table 1, 2",,390 ppm,550 ppm,,soil: g kg-1 soil; plant dry weight: g column-4
,,,,,,,,,,,,,,,,,,,,,,,,,,,,,,,,,,,,,,,
,SoilFACE5 pea residue-low N,Butterly et al. 2016 Plant and Soil,wheat (Triticum aestivum cv. Yitpi),0-10 cm,2011,FACE,disturbed,Nlow,AM,,0.17,20.9,19.8,,,4,4,0.1144103512,Cropland,Agricultural,-36.75,S,142.10,E,,2.68,2.92,0.55,0.55,1.98,2.22,0.28,0.28,"Soil: Table 3, 4; Plant: Table 1, 2",,390 ppm,550 ppm,,soil: g kg-1 soil; plant dry weight: g column-5
,,,,,,,,,,,,,,,,,,,,,,,,,,,,,,,,,,,,,,,
,SoilFACE5 pea residue-high N,Butterly et al. 2016 Plant and Soil,wheat (Triticum aestivum cv. Yitpi),0-10 cm,2011,FACE,disturbed,Nhigh,AM,,0.17,17.7,19.2,,,4,4,0.02666824708,Cropland,Agricultural,-36.75,S,142.10,E,,3.03,3.02,0.55,0.55,2.22,2.28,0.28,0.28,"Soil: Table 3, 4; Plant: Table 1, 2",,390 ppm,550 ppm,,soil: g kg-1 soil; plant dry weight: g column-6
,,,,,,,,,,,,,,,,,,,,,,,,,,,,,,,,,,,,,,,
,SoilFACE5 wheat residue-low N,Butterly et al. 2016 Plant and Soil,wheat (Triticum aestivum cv. Yitpi) + N,0-10 cm,2011,FACE,disturbed,Nlow,AM,,0.17,20.6,22.9,,,4,4,0.3586338084,Cropland,Agricultural,-36.75,S,142.10,E,,1.5,1.89,0.55,0.55,1.02,1.46,0.28,0.28,"Soil: Table 3, 4; Plant: Table 1, 2",,390 ppm,550 ppm,,soil: g kg-1 soil; plant dry weight: g column-7
,,,,,,,,,,,,,,,,,,,,,,,,,,,,,,,,,,,,,,,
,SoilFACE5 wheat residue-high N,Butterly et al. 2016 Plant and Soil,wheat (Triticum aestivum cv. Yitpi) + N,0-10 cm,2011,FACE,disturbed,Nhigh,AM,,0.17,20.2,20,,,4,4,0.2363887781,Cropland,Agricultural,-36.75,S,142.10,E,,2.78,3.82,0.55,0.55,2.25,2.85,0.28,0.28,"Soil: Table 3, 4; Plant: Table 1, 2",,390 ppm,550 ppm,,soil: g kg-1 soil; plant dry weight: g column-8
,,,,,,,,,,,,,,,,,,,,,,,,,,,,,,,,,,,,,,,
,SoilFACE5 pea residue-low N,Butterly et al. 2016 Plant and Soil,wheat (Triticum aestivum cv. Yitpi) + N,0-10 cm,2011,FACE,disturbed,Nlow,AM,,0.17,18.5,19.8,,,4,4,0.2397381637,Cropland,Agricultural,-36.75,S,142.10,E,,3.11,4.29,0.55,0.55,2.51,3.19,0.28,0.28,"Soil: Table 3, 4; Plant: Table 1, 2",,390 ppm,550 ppm,,soil: g kg-1 soil; plant dry weight: g column-9
,,,,,,,,,,,,,,,,,,,,,,,,,,,,,,,,,,,,,,,
,SoilFACE5 pea residue-high N,Butterly et al. 2016 Plant and Soil,wheat (Triticum aestivum cv. Yitpi) + N,0-10 cm,2011,FACE,disturbed,Nhigh,AM,,0.17,20.4,19.2,,,4,4,0.2846654789,Cropland,Agricultural,-36.75,S,142.10,E,,3.1,4.32,0.55,0.55,2.49,3.31,0.28,0.28,"Soil: Table 3, 4; Plant: Table 1, 2",,390 ppm,550 ppm,,soil: g kg-1 soil; plant dry weight: g column-10
,,,,,,,,,,,,,,,,,,,,,,,,,,,,,,,,,,,,,,,
,SoilFACE5,Butterly et al. 2016 Plant and Soil,field pea (Pisum sativum L.),0-10 cm,2011,FACE,disturbed,Nlow,Nfixer,,0.17,13.1,16.2,,,4,4,0.1541506798,Cropland,Agricultural,-36.75,S,142.10,E,,1.414,1.603,0.415,0.415,1.26,1.47,0.23,0.23,"Soil: Table 3, 4; Plant: Table 1, 2",,390 ppm,550 ppm,,soil: g kg-1 soil; plant dry weight: g column-11
,,,,,,,,,,,,,,,,,,,,,,,,,,,,,,,,,,,,,,,
,SoilFACE5,Butterly et al. 2016 Plant and Soil,field pea (Pisum sativum L.),0-10 cm,2011,FACE,disturbed,Nhigh,Nfixer,,0.17,13.6,15.1,,,4,4,0.08701137699,Cropland,Agricultural,-36.75,S,142.10,E,,2.497,2.639,0.415,0.415,2.2,2.4,0.23,0.23,"Soil: Table 3, 4; Plant: Table 1, 2",,390 ppm,550 ppm,,soil: g kg-1 soil; plant dry weight: g column-12
,,,,,,,,,,,,,,,,,,,,,,,,,,,,,,,,,,,,,,,
,SoilFACE5 wheat residue-low N,Butterly et al. 2016 Plant and Soil,field pea (Pisum sativum L.),0-10 cm,2011,FACE,disturbed,Nlow,Nfixer,,0.17,18.4,21.6,,,4,4,0.1351258655,Cropland,Agricultural,-36.75,S,142.10,E,,2.52,2.87,0.55,0.55,2.35,2.69,0.28,0.28,"Soil: Table 3, 4; Plant: Table 1, 2",,390 ppm,550 ppm,,soil: g kg-1 soil; plant dry weight: g column-13
,,,,,,,,,,,,,,,,,,,,,,,,,,,,,,,,,,,,,,,
,SoilFACE5 wheat residue-high N,Butterly et al. 2016 Plant and Soil,field pea (Pisum sativum L.),0-10 cm,2011,FACE,disturbed,Nhigh,Nfixer,,0.17,21,20.1,,,4,4,0.0597192347,Cropland,Agricultural,-36.75,S,142.10,E,,2.79,2.91,0.55,0.55,2.6,2.76,0.28,0.28,"Soil: Table 3, 4; Plant: Table 1, 2",,390 ppm,550 ppm,,soil: g kg-1 soil; plant dry weight: g column-14
,,,,,,,,,,,,,,,,,,,,,,,,,,,,,,,,,,,,,,,
,SoilFACE5 pea residue-low N,Butterly et al. 2016 Plant and Soil,field pea (Pisum sativum L.),0-10 cm,2011,FACE,disturbed,Nlow,Nfixer,,0.17,19.6,19.7,,,4,4,0.2823713855,Cropland,Agricultural,-36.75,S,142.10,E,,2.54,3.31,0.55,0.55,2.36,3.13,0.28,0.28,"Soil: Table 3, 4; Plant: Table 1, 2",,390 ppm,550 ppm,,soil: g kg-1 soil; plant dry weight: g column-15
,,,,,,,,,,,,,,,,,,,,,,,,,,,,,,,,,,,,,,,
,SoilFACE5 pea residue-high N,Butterly et al. 2016 Plant and Soil,field pea (Pisum sativum L.),0-10 cm,2011,FACE,disturbed,Nhigh,Nfixer,,0.17,19.4,19.1,,,4,4,0.1798401659,Cropland,Agricultural,-36.75,S,142.10,E,,2.87,3.4,0.55,0.55,2.69,3.22,0.28,0.28,"Soil: Table 3, 4; Plant: Table 1, 2",,390 ppm,550 ppm,,soil: g kg-1 soil; plant dry weight: g column-16
,,,,,,,,,,,,,,,,,,,,,,,,,,,,,,,,,,,,,,,
,OTC New Delhi,Saha et al. 2016,chickpea (C. arietinum L.; cv. Pusa 1105 - kabuli type),0-15 cm,2010,OTC,intact,Nhigh,Nfixer,root weight density at vegetative stage,2,1.53,1.61,0.37,0.32,2,2,0.174562546,Cropland,Agricultural,28.583,N,77.20,E,root,1160.65,2075.09,,,,,,,"Soil: Table 2/Plant: Table 3, 4",SE,,580 ± 20 μmol mol−1,,"soil: rhizosphere SOC %; plant: mean of 3 plant growth stages (root weight: g cm-3 x 10-5, root length: cm cm-3x10-1; plant weight: dry mass mg plant-1)"
,,,,,,,,,,,,,,,,,,,,,,,,,,,,,,,,,,,,,,,
,FACE NBRI - teak,Singh et al. 2019,Tectona grandis (Teak),15 cm,2012,FACE,intact,Nlow,AM,grown with N-fixing tree,3.83,10.48,11.22,0.98,1.08,5,5,0.1613191693,Tropical_Forest,Tree Stand,26.916,N,80.98,E,total,49.2,57.7,8.02,9.8,41.7,49,6.5,8.3,Soil: Table 3; Plant: Table 1,SE,395 ppm,550 ppm,,"Soil: TOC g kg-1; Plant: height (m), root weight (kg), above ground biomass & total biomass (kg)"
,,,,,,,,,,,,,,,,,,,,,,,,,,,,,,,,,,,,,,,
,FACE NBRI - butea,Singh et al. 2019,Butea monosperma (Butea),15 cm,2012,FACE,intact,Nlow,Nfixer,,3.83,11.02,12.43,1.04,1.18,5,5,0.06062462182,Tropical_Forest,Tree Stand,26.916,N,80.98,E,total,4.9,5.4,0.74,0.81,3.2,3.4,0.5,0.6,Soil: Table 3; Plant: Table 1,SE,395 ppm,550 ppm,,"Soil: TOC g kg-1; Plant: height (m), root weight (kg), above ground biomass & total biomass (kg)"
,,,,,,,,,,,,,,,,,,,,,,,,,,,,,,,,,,,,,,,
,OTC Hyperaba India - 550ppm - C4,Srinivasarao et al. 2016,"C4 crops (sorghum, pearl millet) 550 eCO2",0–0.2 m,2005,OTC,intact,Nhigh,AM,,5,4.9,6,0.15,0.18,3,3,0.05705088118,Cropland,Agricultural,28,N,78.00,E,,162.7,172.7,,26.6,,,,,Soil: Table 4/Plant: Table 1,SE,380 μmol mol−1,550 μmol mol−1,,soil: g kg-1; total plant: root + shoot biomass (g plant-1)
,,,,,,,,,,,,,,,,,,,,,,,,,,,,,,,,,,,,,,,
,OTC Hyperaba India - 700ppm - C4,Srinivasarao et al. 2016,"C4 crops (sorghum, pearl millet) 700 eCO2",0–0.2 m,2005,OTC,intact,Nhigh,AM,,5,4.9,5.2,0.15,0.16,3,3,0.1660610359,Cropland,Agricultural,28,N,78.00,E,,162.7,192.2,,46.7,,,,,Soil: Table 4/Plant: Table 1,SE,380 μmol mol−1,700 μmol mol−1,,soil: g kg-1; total plant: root + shoot biomass (g plant-1)
,,,,,,,,,,,,,,,,,,,,,,,,,,,,,,,,,,,,,,,
,OTC Hyperaba India - 550ppm - C3,Srinivasarao et al. 2016,"C3 crops (sunflower, groundnut, pigeonpea, black gram, castor) 550 eCO2",0–0.2 m,2005,OTC,intact,Nhigh,AM,,5,4.9,6,0.15,0.18,3,3,0.1524977869,Cropland,Agricultural,28,N,78.00,E,,482.49,592.26,,137.5,,,,,Soil: Table 4/Plant: Table 2,SE,380 μmol mol−1,550 μmol mol−1,,soil: g kg-1; total plant: root + shoot biomass (g plant-1)
,,,,,,,,,,,,,,,,,,,,,,,,,,,,,,,,,,,,,,,
,OTC Hyperaba India - 700ppm - C3,Srinivasarao et al. 2016,"C3 crops (sunflower, groundnut, pigeonpea, black gram, castor) 700 eCO2",0–0.2 m,2005,OTC,intact,Nhigh,AM,,5,4.9,5.2,0.15,0.16,3,3,0.6811817037,Cropland,Agricultural,28,N,78.00,E,,482.49,665.48,,231.7,,,,,Soil: Table 4/Plant: Table 2,SE,380 μmol mol−1,700 μmol mol−1,,soil: g kg-1; total plant: root + shoot biomass (g plant-1)
,,,,,,,,,,,,,,,,,,,,,,,,,,,,,,,,,,,,,,,
,OTC CRRI Cuttack India,Bhattacharyya et al. 2014,Rice (Oryza sativa L.),0–30 cm,2009,OTC,intact,Nhigh,AM,,1,4.4,4.8,,,2,2,0.1561420512,Cropland,Agricultural,20.45,N,85.94,E,,,,,,645,754,,,Soil: Table 4/Plant: Table 3,,394 ±10 μmol mol−1,550 ± 30 μmol mol−1,,soil: g kg-1; total plant: root + shoot biomass (g m-2)
,,,,,,,,,,,,,,,,,,,,,,,,,,,,,,,,,,,,,,,
,OTC CRRI Cuttack India,Bhattacharyya et al. 2014,Rice (Oryza sativa L.),0–30 cm,2010,OTC,intact,Nhigh,AM,,2,4.4,4.9,,,2,2,0.1639464815,Cropland,Agricultural,20.45,N,85.94,E,,,,,,595,701,,,Soil: Table 4/Plant: Table 3,,394 ±10 μmol mol−1,550 ± 30 μmol mol−1,,soil: g kg-1; total plant: root + shoot biomass (g m-2)
,,,,,,,,,,,,,,,,,,,,,,,,,,,,,,,,,,,,,,,
,OTC CRRI Cuttack India,Bhattacharyya et al. 2014,Rice (Oryza sativa L.),0–30 cm,2011,OTC,intact,Nhigh,AM,,3,4.6,5.1,,,2,2,0.1854293429,Cropland,Agricultural,20.45,N,85.94,E,total,,,,,589,709,,,Soil: Table 4/Plant: Table 3,,394 ±10 μmol mol−1,550 ± 30 μmol mol−1,,soil: g kg-1; total plant: root + shoot biomass (g m-2)
,,,,,,,,,,,,,,,,,,,,,,,,,,,,,,,,,,,,,,,
Sapporo - brown soil_Quercus mongolica-ECM_Nhigh,FACE Sapporo - brown soil,unpublished,mixed AGB species,0-5cm,2013,FACE,intact,Nlow,ECM,"Soil: Soil data in Sapporo FACE.xlsx, modified accounting for pre-treatment differences. Biomass: Average AGB dataset",10,2.77,2.77,0.15,0.19,3,3,0.2971276525,Temperate_Forest,Tree Stand,43.01,N,141.33,E,aboveground,,,,,,,,,,,,,,
,,,,,,,,,,,,,,,,,,,,,,,,,,,,,,,,,,,,,,,
Sapporo - volcanic ash_Fagus crenata-ECM_Nlow,FACE Sapporo - volcanic ash,unpublished,Fagus crenata & Quercus mongolica,0-5cm,2013,FACE,disturbed,Nlow,ECM,"Soil: Soil data in Sapporo FACE.xlsx, modified accounting for pre-treatment differences. Biomass: Average AGB dataset. This soil was exported from a different site, Eguchi et al. 2008",10,2.04,1.8,0.13,0.12,3,3,0.06624861725,Temperate_Forest,Tree Stand,43.01,N,141.33,E,aboveground,,,,,,,,,,,,,,
,,,,,,,,,,,,,,,,,,,,,,,,,,,,,,,,,,,,,,,
,Glasshouse University of Paris XI,Niboyet et al. 2017,post rewetting: Dactylis glomerata,0-10 cm,April 2012,Chamber,disturbed,Nhigh,AM,pot,0.67,47.051,36.374,1.817,1.015,6,6,0.2655006515,Grassland,Agricultural,48.6977,N,21.77,E,,311.752,1049.875,42.163,42.072,553.762,722.152,24.097,29.777,"DOC: Fig. 2, aboveground: Fig.1, shoot & root: Fig. 4",SE,463 ± 2 ppm,702 ± 3.5 ppm,,DOC: μg g-1 dry soil; plant: g m-2
,,,,,,,,,,,,,,,,,,,,,,,,,,,,,,,,,,,,,,,
,Glasshouse University of Paris XI,Niboyet et al. 2017,"post rewetting: mixtures (Dactylis glomerata, Lolium perenne, Festuca arundinacea, Trifolium repens)",0-10 cm,April 2012,Chamber,disturbed,Nhigh,AM,pot,0.67,44.711,36.191,1.846,1.465,6,6,0.2328626574,Grassland,Agricultural,48.6977,N,21.77,E,,782.915,997.36,40.702,63.551,547.771,691.401,22.112,43.209,"DOC: Fig. 2, aboveground: Fig.1, shoot & root: Fig. 4",SE,463 ± 2 ppm,702 ± 3.5 ppm,,DOC: μg g-1 dry soil; plant: g m-2
,,,,,,,,,,,,,,,,,,,,,,,,,,,,,,,,,,,,,,,
,SAWFACE Spain,Sanchez-Carrillo et al. 2017,P. australis (Cav.) Trin. ex Steudel (common reed) by Cladium mariscus (L.) Pohl (cut sedge) (<5%),0– 20 cm,2012,FACE,disturbed,Nhigh,NM,,1,29.829,22.156,0.319,0.246,6,6,0.21,Wetland,Wetland,39.13,N,5.38,W,aboveground,,,,,1.091,1.289,0.36,0.25,"soil: Figure 8, plant: Figure 2, 3",SE,399 umol mol-1,582 umol mol-1,,"soil: Org-C (mol C kg-1); Plant: height (m), LAI (m2 m-2), aboveground x1,000 (g DW m-2)"
,,,,,,,,,,,,,,,,,,,,,,,,,,,,,,,,,,,,,,,
,SAWFACE Spain,Sanchez-Carrillo et al. 2017,P. australis (Cav.) Trin. ex Steudel (common reed) by Cladium mariscus (L.) Pohl (cut sedge) (<5%),0– 20 cm,2013,FACE,disturbed,Nhigh,NM,,2,20.628,26.558,0.704,0.667,6,6,0.21,Wetland,Wetland,39.13,N,5.38,W,aboveground,,,,,1.699,2.2,1.281,1.57,"soil: Figure 8, plant: Figure 2, 3",SE,399 umol mol-1,582 umol mol-1,,"soil: Org-C (mol C kg-1); Plant: height (m), LAI (m2 m-2), aboveground x1,000 (g DW m-2)"